item,fold,Safety,Privacy,Proxemics,Politeness,Cooperation,Coordination/Proactivity,Communication/Legibility
5605bd9a-d151-4d5b-b0f6-cfc28ae6937e_2980-56,4,-7.420106756253247,-13.04467189485448,2.436342303802043,-3.643722822790961,5.635238791953143,-4.444727230445725,0.5152202247033899
36baa5a9-16bf-4ad6-b011-4d7daae6b8f9_641-91,3,-11.639359173893936,-10.96712101485133,5.696807584092939,-2.314285082036004,3.4879766769109253,-1.2233909420052607,-2.0260750433929307
d1a27322-8acd-4297-9029-db45af8d7cc2_34-04,4,-3.8684882987522795,-8.182039647572177,3.6885725312322553,-4.451968612056946,4.453047039506536,-4.1946669454232595,-0.28698431631902643
624a6c0a-a4cb-4073-b501-48e4b6b679e4_1105-28,1,6.1205068121777195,-16.593782367752443,-17.865719490646544,-3.5650878294778696,-2.092297498701427,2.006326132459757,-1.6128700509278566
ed027cb2-5b92-4de2-ab58-69d42325ef15_1281-72,1,-8.343329703978497,-3.2996448306638904,-0.9405098089052788,1.9824365693132782,2.13783274953612,-2.3750554303386187,-2.9208447859901927
fb92d350-9bf9-4b16-8a1f-7858de276226_2422-37,0,-5.313239130007961,-6.353874457290953,0.25447991176431284,7.602826399868335,-7.661605699607882,-4.46249265088568,-4.849836358819976
fb92d350-9bf9-4b16-8a1f-7858de276226_32-25,0,-1.959290752082539,-6.591113667117099,-6.350660722025168,5.556274233674156,1.7312798411417654,-6.404226120397529,-2.2789731574930556
356661f5-767b-495d-95c7-03dcc46f85c6_1860-68,4,5.683484660263556,-13.503090276113303,0.8886255877663651,-5.69220589544972,-4.636529292937572,-1.9115996671326898,-9.284782713260316
2ec3c123-0a04-46d7-97d5-8b85b5e6d06f_1372-45,0,1.2696269206062505,-16.87692052158488,-3.6025306061635667,-3.5426991175411384,-3.8897796311877184,-0.38377081027801374,-1.2598906499538436
620d3087-c6fb-4b08-bb6a-4dc4ede3b994_2651-56,4,-2.6839867974140263,-10.351042020236433,-2.4977792553407108,0.11399817571723792,1.1404922825558605,-12.90183329004278,3.2670318475114204
375ca7e7-1e3c-4159-9f7f-4691ef11f322_68-87,4,-6.909263182229882,-11.953728329063958,2.369191712797212,-0.0722479610654152,15.154597406098192,-1.9656572710518234,-9.644816492903313
083b7556-9dff-40e2-9fad-bef3f82dbf37_34-58,4,-1.3331042692792807,-10.342497377696374,0.5050253882530944,0.9368443404994178,-0.8404404776036962,-0.7568250322177281,-5.5764085959236365
a8197601-7474-4cb0-8d08-e8a8febcecfc_997-91,4,0.29511609934866767,-12.285669665585072,6.575530749269195,-11.704846950801185,-0.8608321852065355,4.676146491086198,-10.089929472831741
7c4f8ef4-c126-46b7-8fa9-1b2daf5b41de_2272-79,2,0.8868521074796187,-11.539452199843462,-7.986328327454089,-6.473697466316292,5.835569638229382,-2.4384892667333182,-8.906336390017412
a437e059-78be-4894-a7ab-dc27fa16d3f8_6791-07,0,-2.602382082285258,-4.950187354786065,12.95827441134162,1.0131987313649529,-3.4065463606626696,-10.006710947771278,-13.075539091362145
307b1878-875f-4703-bfe9-32d11d20853f_32-44,1,-4.1901236864164915,-10.124503630479385,-6.379452018229285,-5.144491037895027,11.750570866774734,-5.058353960661387,-5.356354269073208
b1543ea3-e86b-4545-9195-f1bf83e02b41_4163-19,2,-7.68488105718118,-9.183652933827666,5.609652089596615,-5.726352186922499,-1.2751494368441338,-6.811698576102948,-2.959654931444323
5cab806a-3794-4578-94f2-33c3093151d1_433-69,3,3.000730370380851,-6.418115149095234,-12.209942988063492,-5.789961937581239,2.7453971649648587,-6.569583663779985,8.609664535869122
5e193b30-3e79-4851-801b-dab99125cd44_3348-61,1,-11.646475512774288,-3.7686940958318162,0.3245500579102454,3.1173391675404503,5.865175944090807,-7.26434323465239,-0.1866086431258056
b5c3c1e3-7ee7-4b4a-b938-4d008d5aa49b_644-73,4,-6.608217000330905,-5.341667412272841,-7.179967483247458,2.307113823901171,10.745529994600764,-11.40627810833261,-1.2832213750264392
8b82316c-c293-49a7-b401-a3cc026ab1d0_2095-46,2,-5.534327496422659,-3.928076024393663,-2.306611040885614,-9.906842751193862,6.283959509029331,-1.6698058516514958,-2.5938286963631976
1c983176-b07a-4a69-ae51-de7829de6b6a_261-56,0,-5.3052951560437585,-1.9710673974406117,-10.542861932932448,4.090770998885829,4.793642443004289,-8.147293471157072,3.9256113467952285
f0041c6c-06b2-4c3b-b8e6-934305b4226e_3757-69,0,-5.06233783724695,-7.1149543190020506,4.109929053360107,3.158308548460714,-1.0809450379495469,-8.068460958158454,-6.909011851106948
6b7fc6db-e979-43a0-b61f-7dced89d423d_229-56,2,-5.584768774650833,-11.678539657342322,2.2161009055764427,0.7678370537945001,-4.218809270476816,-1.1511424648717838,2.4462218019370185
a4375d98-e295-4e7d-a718-d8af066e3d57_1708-23,2,-2.1373630412996647,-8.521581902953553,-7.493239413907913,0.6181018330383656,-1.6239253653073062,-5.919079840122711,-3.0511520446830636
19f2ea20-5041-4be2-bdc9-714473f16236_5269-91,1,0.9876286863166643,-4.911565397322436,-4.571802328839334,-17.29764876729752,-7.977134386333888,-14.407310778322966,4.4252183242230805
fb8a0650-986c-4c08-9d97-ac432cca424e_70-34,0,2.499924039110789,-7.575805182042051,-1.3951918121528448,-5.253068950282166,5.989623554888041,-2.1957512855655286,3.504393575015498
820d4b9e-6fba-472f-aa45-25b27241d4af_366-20,1,-2.87740179291197,-7.258789401434857,5.1959254621534585,-7.695235354928038,3.4891894614201164,-1.831483296508066,1.547076148668971
9a732221-3adb-4903-b61d-9b8097965fbf_2751-77,4,-20.30625666936479,-4.73136479434124,1.6453437717175277,3.2137192035354167,-9.38721341982497,-2.2914909470702765,-8.861331113782448
750c5383-58f6-4063-8cc8-50691a68994d_562-01,3,-3.759070007371715,-10.028374305582597,9.502647823834309,-2.6155601505978807,-3.668198958489749,0.8697362785777969,-4.8527063509893225
24c447b6-094f-49a6-9c20-ed594ab0da65_0-04,0,-4.888815444641832,-8.457665434714233,-1.9716448391318027,-5.627569998017478,-6.220391076943971,-5.559572744513104,-1.6844888254677275
2dfec7b6-c8b0-4cd0-baf6-4a963aed1d6a_1906-66,4,-2.7397416946431132,-7.284638192650518,4.953996678460042,-3.817533022519504,-7.806390896142238,4.040342219217405,-5.365283861818892
2dbdd409-0be0-447c-8ae8-3f107fe9af80_989-72,0,-3.2460709945398643,-8.409406612759488,9.441198717849977,2.2949716649462975,-2.406532473472409,-5.611904202597479,0.275975320309664
82e96128-1242-4e57-8a3e-9ea222df022c_2985-80,0,0.4645358038362395,-12.651279761682872,-7.184322042075577,-0.9041562129841088,6.217221223211992,7.785957778305059,-11.650585939839011
5ead8e7c-2600-44b1-afd6-b82cb5f7b9ce_567-35,2,-6.408231831230094,-6.189735196751782,-5.053441305362838,6.095673582487764,7.5673269785495325,-7.480170158580815,2.9393415935545173
20525d50-586a-4792-bfdb-fd941ee64ea9_547-93,3,3.2224360075363316,-6.84291189633683,-5.054744465052748,-0.9234802370398763,4.1061672253036186,-8.589476146622996,-12.85317636617324
6fc30ceb-ace8-49f8-8244-71f14c6d773c_936-70,0,0.20389879665075483,-9.89473622681832,-6.069609505167897,-7.338001977832515,2.890266793729458,1.8728849894235342,-6.086132506850183
d8936caf-0142-4ceb-bacc-70313a19f169_694-31,0,2.980993578331652,-5.53283504977518,-8.054491244305975,-5.968976756373472,-4.690130527959906,1.3166219675021278,-5.396278401305279
2893d559-89cb-4125-a761-3ff8e68768a9_638-82,3,-0.878024635418857,-9.640136481271329,-2.2159563886648894,-0.4902864755371652,0.41918527284838614,-5.720561429305716,-7.138591531522155
261edec2-f089-4a74-b25f-ddf32c92f90c_801-93,3,1.9314132426414252,-11.647933267511684,-8.304987212734456,-8.829157466846508,-7.421351574071308,3.671071315752595,-1.7272692444765845
570fc280-231c-4a3e-99c2-12eefed1c122_925-58,1,0.29855216617518243,-7.269260120552413,-13.058461847320391,-0.41143152631483737,5.387219989354899,-5.166177946959879,-4.876007055570351
d3980f7e-2ef1-4b2b-b73a-2a7db7465660_452-63,3,-5.170692405895441,-7.895857366458965,-5.747139578203562,-16.245211630274685,8.320012216691598,-4.8926371386750045,-2.7166780899004963
75ee5afa-d891-4653-ac4c-d81db1a90af7_32-52,4,4.62881747231723,-4.9477911067452505,-3.1565149597791793,-3.0111319486450556,-0.8433218595015535,-10.478783612347307,-2.8099427848811995
944aacb0-f596-460d-b5a6-9ae05df1d430_3528-77,4,-3.0583122390390884,-10.779071860991685,-14.388559966424605,-0.07746407281206125,12.767070173014488,-14.705689919099783,10.734984215052673
63e9e643-25c5-435d-b6f0-0aab1af76e68_28-98,3,-2.4818088946715475,-5.704116879007751,-1.7376237155554823,-5.840598194809395,2.0189927358455892,-7.714469366430818,-5.958734036860813
03ca4970-374e-4901-9895-81f262c0da5c_817-27,2,-1.8852337495642817,-5.789865166805847,0.03843350868879947,3.122485313117245,0.4431413893144287,-9.4536855393983,-6.52050026811693
10a848ed-f258-4930-abdd-1fd60b788abc_75-21,1,-6.949799025079669,-9.129992438780466,-5.981105846295483,-2.668360552770856,-6.2931151294556065,-1.5668534982570974,-2.597747056411291
1a50cd38-dda2-41d0-8a6f-294f17373d97_2829-22,2,2.8407583535454597,-10.662384226448934,-4.7526813315033145,-1.0079811097021434,0.5772896354374495,-5.646278123473303,1.264373211079695
170fb6c9-8550-4e82-bb9a-4ad574c0f0fa_7137-29,4,3.126170623984598,-0.46878301045172144,0.3452578869284748,-9.874981852202088,-7.820542895354829,-3.8618056949484663,-11.403275589763055
262fd2ec-8eba-44d9-8082-4d0574f7a515_3000-11,0,1.448650405835345,-6.245812419100686,-2.0574238663136053,-4.921546672721434,2.486662483254688,0.21560336198121277,0.8532994364472222
2dbdd409-0be0-447c-8ae8-3f107fe9af80_163-46,0,-1.8401694581218628,-8.169337544845916,3.0766267325038696,-0.7457949083475679,-2.445166691956896,-5.089560465780341,-0.7971932119297911
af400f98-3c57-46ad-acac-eaca6f940180_3131-59,3,5.798455281254447,-11.094975725531398,-0.38690698579034866,1.4841384372526796,1.0142097248414146,1.4962643368169664,-3.899410189339526
d64fb34a-08fd-416c-ac6f-86a0813869a8_275-80,3,-1.157560493846118,-11.255055872802746,-0.5904020499562326,-1.048741510506765,4.792050763563188,-5.698014126557343,-0.4706929449458652
caa17bb0-2b04-49b0-8ccc-38b2803a3b1f_26-31,2,3.936303637778095,-8.558656930619017,1.9867617487125577,-3.713047394590175,-1.7479809957706867,-9.031246564368884,-9.551988924275449
48d7d009-425f-4d1a-a6a9-a4742bd0d9fe_2561-43,1,-7.346453910534363,-12.443007420894372,-13.8752198050136,1.8385568514060973,15.740345136042716,-10.052653581462472,4.122808043590388
963c1ecc-d25e-4c0a-b447-9b26f3778efc_207-31,3,-8.501637483624513,-10.394168021082944,9.452432933521573,1.8953218348948622,-0.8175427909558627,-7.399475216365955,-4.370058866298024
9531cee8-0f60-4a68-8243-397ab7670a75_270-43,3,5.328983448564043,-16.500057324136986,-1.3328610980328839,-0.9884585921038398,1.3811657476768469,3.4888319435723174,-11.46836854170025
3b021bad-6945-4be2-a7db-44af3db1eae8_2667-18,0,-12.439535844895635,-5.847392800126133,7.720569471454635,-1.627407396379893,-0.03546973663864417,-14.549801226696385,-5.304370374714315
620d3087-c6fb-4b08-bb6a-4dc4ede3b994_1607-58,4,5.279170703517686,-6.5015104835172135,-8.752754093976577,5.6081092246236555,5.965255273288591,-20.808490043553945,0.05701956977612688
a71f72c5-5225-4b12-aba3-01fa46f53427_914-96,3,-6.01917236735166,-3.866729739720882,-5.477801801013618,-3.763277797521073,2.05469623524225,-6.6102981810370665,6.4679159154280415
ed792c47-5cb3-427c-a0e9-5dac33456e6a_1026-89,3,-6.136216964396798,-8.193037737073796,8.033876173285892,-0.6328961981428787,5.2475251163224,0.8696651728556031,-2.542531798308838
8b89d35d-5e19-4240-b45e-7a692cf962e3_392-22,3,-4.603311045610398,-5.813104862144056,-4.724401839321327,-8.244292831453727,-0.5024625766298235,-4.302937213565748,-13.82757418737721
baf15309-e865-4e9e-9efd-09097f1d5a43_412-45,1,-2.738791020745307,-9.243890245605902,-4.2898364327594125,0.14308827163932447,10.773260509974738,-0.2503858765722158,-4.931939902484397
49b14463-2172-4b0e-ad13-fdf9383e9a77_284-00,3,-8.264071476443352,-9.400430930366786,0.3281540760830626,1.9867379602658928,-1.0422248072907196,-5.015621675917658,0.8102168786618664
04b2f7a8-1d95-43c2-8b3b-8053b22dda52_810-37,3,-2.61489720369358,-4.830270109025709,-16.52359596809437,-1.1565760990961667,8.099357510890103,8.209414920877606,-1.212819642304138
fd2ae8b4-b683-4c4b-935c-78b4dadbdbf8_3041-68,2,9.398554339092701,-3.4858621506320544,-4.25240598477127,-1.418926412901313,1.0419997942631793,-1.4172565305814695,-5.019987927325135
92153977-6016-4863-be78-c4af25a56a0f_1117-24,2,-0.525917567730775,-6.77998835814818,-7.13156205047302,-0.09636227731193925,-2.7923137417725306,1.2891510592927964,0.3026784944526293
600e392c-4be6-4b8b-bef8-e789ce3d8915_3230-09,4,-5.9474173930981555,-2.4810534932658976,-4.608335603258957,-1.0685347715373286,-0.5754444514323378,0.18573666906903608,-7.1405710808646505
ec02ed27-b697-44b0-ae18-a9275205bfee_9-72,0,-4.553457243071992,-10.10398848844317,6.150187769130715,0.5722442477265466,5.048752992529032,5.513623933216762,-6.987179604663833
abca0171-5e73-426e-9ba1-49a6339b2ef5_1825-89,1,-7.155730335137708,-7.313202432590922,0.05135401699429254,-5.092616663655055,-0.7535621482430261,-5.854853655303291,6.160818662029772
470499d1-e015-4d45-a858-ca3e9566085e_961-34,0,-7.902980530434764,-3.676461733938994,-2.6657265074764975,2.672270495650717,3.6948353030020282,-1.6348729219610503,-0.10928028957058888
8ed40810-09cf-4061-953c-9fff6e6d6aeb_122-51,2,4.420676352699864,-12.275169429490505,-12.391005816423977,-1.0954257447132623,-9.704333809833702,-9.808340378599478,3.6845975666109725
1ea95f25-81f9-46b1-b7a1-c4ca58251c6f_1089-87,0,-2.9033875972117555,-9.37096418046611,-10.984724787669288,-5.3274745990781875,9.267459421551646,2.6837071374451664,-7.7847836658483285
1eee4aaf-a21c-4ae5-82cd-96fdccae6742_761-92,1,9.018637269916171,-10.063490987265586,-1.0054723823184823,-3.567060337153733,2.9944182506962047,-14.265735558061776,6.639003537983834
44327c5e-9442-4334-b675-8019df3678af_2165-30,2,-1.3937005630863797,-10.02128223642487,-1.7079483469732257,-9.174111488951743,-1.7056617007885755,-1.7514803677094792,-5.214616182043535
4de25e28-5a34-4fbe-bc83-200d513b4d9a_1123-59,4,-1.8339407771598584,-8.847741013618144,-3.4247625566861895,9.229206827881177,0.9227704678703508,-13.025972659821235,1.0928864516934063
ad851441-1f15-467e-83d8-48c764e220a8_975-45,1,-3.2472950783875003,-9.42909968108872,1.2099734525613006,-2.0718822368023897,2.274870521512269,0.6221282582998593,-4.422328313307042
4c64e0d9-72f4-427f-995d-112ef1a2b7a1_210-26,0,-0.9311291181310397,-11.257682767510936,0.5170290742946162,0.8022284732231102,-2.9986839491205486,-1.0808205595215772,-3.2703758637265956
10a848ed-f258-4930-abdd-1fd60b788abc_294-40,1,-3.8041525443765356,-8.708637553396505,-5.35365826700797,1.9385477017548522,-8.865123357368933,-4.145789317024713,-0.5602402719872184
99f41d39-cc65-4aad-b186-23b66e282f19_68-52,0,-10.85655345091913,-10.659160666328933,-3.308357762375568,0.8397068775529803,-14.310769169336098,-5.919670365431139,3.49203234807737
e6d852dd-2510-482f-ad25-3d731388ea44_141-52,2,-0.37342008697085594,-9.383665866391329,-9.307268639010681,-9.13032205126778,2.8680674214432234,1.7161143177300775,-6.394823977466688
261edec2-f089-4a74-b25f-ddf32c92f90c_1105-51,3,-1.4175135424430132,-7.88252420533523,-4.1737978897087356,-10.623469245050487,8.427442224742178,-2.253025377148032,-2.9263159725301797
c34effc7-6198-4c85-80c7-c8be85b77dd3_5294-07,2,-1.7872711089011557,-7.9031968036360585,-0.8714000266786832,-5.2442184140580475,0.23026854527435223,-6.63333990624604,0.3086037866582054
e402df54-0a64-424e-a7e6-3e68b18a761c_242-70,0,5.685845969142235,-9.299879031969388,-3.5134183137771795,-6.308715910361251,-0.07286986426903008,-2.030440292042324,-5.817161510950061
d1952343-6eaf-4317-ae19-6b48b292ad24_877-17,3,0.2788594083743252,-9.35984171341787,-0.580270096370064,-2.6426838932077032,4.934835537969578,-5.965155587798372,-1.966331194017958
a1b38e9d-7225-46ab-ab17-a61b261faa36_1920-36,2,-8.85215956086989,-4.529095993369488,-3.7298421996181896,-1.9654959188180543,8.278476573345849,-5.509221880191952,-4.41385389572544
19f2ea20-5041-4be2-bdc9-714473f16236_2706-11,1,-2.9737547106775297,-7.8751477834820935,-6.494490799513669,4.983495834538369,13.945245075899624,-18.205131204111243,-5.0583935656901975
5e193b30-3e79-4851-801b-dab99125cd44_2971-00,1,-3.0518628152385237,-10.976174577838991,-8.069911660443768,-3.754692522170942,-1.292663364852116,-3.7588169185054423,-1.187495824186045
6c0ca07f-6bb2-4db4-a0c3-5926726493fc_272-36,2,-2.124951613438609,-8.62059424786768,-1.7294850712476948,-0.09017749168852962,1.8373961833453427,1.7891201186957066,1.938605874356293
b79c342b-db1e-407e-958a-e1585c6c3ddd_3-67,4,-5.484951579555039,-11.303171283358452,0.7324206017403396,-6.699555885979024,-1.5952325728787242,-2.8021462977837626,6.886183476399897
71504f29-61c1-49e5-8617-d0e71144c077_652-01,4,8.16640293997139,-9.090140924099025,-13.947873794927531,-6.3620705146266925,-6.265909446802091,-7.984849508371392,-1.730987369815145
ee3c00d5-9759-43b3-9116-3375227aadfd_15-30,4,1.599040003297079,-7.818315775928866,-2.9616063177664738,-2.6949972389930377,5.194353706991228,-7.908354216545839,-4.206047546385149
f0041c6c-06b2-4c3b-b8e6-934305b4226e_6185-52,0,-5.390582437227543,-6.838920290437716,1.9341063152279445,7.269506660077872,5.292551486644521,-6.839691815342621,-7.2917368199204144
a2c3a84e-ae75-4e72-8a52-64511ed67080_919-81,2,-4.61888230924401,-6.221841963370299,-8.536748851007992,4.6849489560398005,-8.237002624119635,-0.47574365257526363,-2.650063895761104
ec85a806-d47f-4555-8c4c-20f59927e580_909-71,4,5.869480885516696,-8.809175099703923,-9.351477199732408,5.448730654888514,3.344111552281441,-0.7907094398737753,3.465945517122705
9a33e9f1-a740-4810-a624-62b0c9935741_831-69,4,-5.717235558677398,-5.0040277753282805,-2.387272131838979,-1.7411642442323347,-1.9191313818243794,-7.247431760843858,-9.517116515430061
89d8c9c5-fa11-4674-b08f-007f81958555_1391-21,4,-0.9333811962187197,-12.678394599434675,-2.341444218825222,-2.0432204644282046,0.3765478429324544,-0.45432539816201656,5.082034596800122
c7e8af35-608f-4d18-b752-2f3140f5fcc4_772-15,2,-0.6006747888663773,-11.942005054698967,2.308120415827745,-7.582320042108096,-14.664765694276193,-2.0651769766547567,5.648469780874321
5cab806a-3794-4578-94f2-33c3093151d1_391-05,3,-0.6551522358727044,-3.8782172101275902,-9.42063004446753,-5.536852719106699,3.7209155429547733,-12.09807103732436,-3.6894280597331237
5605bd9a-d151-4d5b-b0f6-cfc28ae6937e_3534-55,4,-15.215928213392573,-12.463606242449927,3.221411999382047,-1.941100383007976,1.7530005953231926,0.7460756707566789,8.397230705627603
9d26362a-4411-4d8b-b114-03f4f89928d7_1156-78,3,-2.6091627743401404,-8.254220884696274,-8.678407627606479,-3.088476449749352,-2.6650412332187274,-2.1422855453494076,-4.334629966656794
a3f1b2f3-0735-4c65-b66e-5c397f3126c7_276-64,1,-6.71948660926294,-7.022273483253137,-0.3888028841099076,2.7022789641006053,-4.179113424296911,-4.394041678624088,-4.405852980491407
c2071026-add0-4546-8374-b6d04ddd94b1_0-04,1,-8.41521849798751,-3.361081057324059,6.001123317283972,-4.023077675768893,-1.7097005716715021,-0.4029069506945615,-4.15181457755241
622ab8aa-21f8-4ad0-99c3-7f4876850df7_193-96,3,-3.8668060692238506,-18.763114037192423,3.339909097041837,-4.28873937339994,2.9329787477855107,5.649960670666513,-1.65257858605539
5aa01f1b-351d-428b-a1be-1f2edaff6a0c_693-84,2,0.20186660883596463,-7.8618053116883555,-8.149988235316297,2.870924877606198,1.8060134474687881,-7.522455261798079,0.5431471169618804
01d301c9-9dbf-4da2-9181-d66a6688f5e6_817-64,4,9.532627984023991,-13.609862050866582,-12.037553652046283,-11.41562541283601,10.137077575080456,-0.8253327972694127,-6.06686049042037
c34effc7-6198-4c85-80c7-c8be85b77dd3_5341-13,2,-6.336143775538045,-9.004544274517206,-2.0875115987677173,0.8480776545192357,-3.1319537773656156,-9.810901755145142,3.6517933748539546
cc83fb01-1904-4917-8d11-2fe2c66a990c_5792-18,1,-7.230894886463528,-4.068831974460563,-10.051503034118504,3.805363921100618,0.7023892828518872,-5.148481026869289,-3.4089855428022555
99a89af1-a535-477c-88a8-c0830ba33486_1246-37,4,-10.341072901116656,-3.7492370235008528,-8.67867918062992,0.5241718071759633,0.5156323491327268,-1.2717793469065537,5.20430725386186
89d8c9c5-fa11-4674-b08f-007f81958555_1665-43,4,2.721111844594723,-9.882626395230908,-3.28408171940117,-1.888816849514067,-1.063871705649451,-7.247511512842779,1.7953501850301992
ed31f134-b3f0-4f50-b8ae-d956b2f9ccfd_2025-02,3,4.199106396400807,-3.3755777552782282,0.4985964970695931,-5.855676404591298,-0.7929798138126382,-5.145047952364451,-5.662523018975982
70c8bd4f-bfe1-4fb5-82ad-7d763cc28935_756-65,3,4.615862354837777,-11.18621594114645,-5.342511070837622,-8.714402285337801,9.866093998076765,-10.452959262367102,-11.686803456607855
f7d99eca-11d5-4d45-8d60-695c3cb2f07c_431-32,4,-4.982048161110689,-11.112229015864378,-5.4261891976488155,-3.4653926689610928,-2.987666463677418,-6.6950480510508665,5.900087494600371
2dbdd409-0be0-447c-8ae8-3f107fe9af80_1626-43,0,-2.1824182308078606,-10.185457891460608,3.372992224665557,0.08540448227213315,-2.935073994385404,-5.615143230124107,0.8363514907195353
348180aa-c90b-463a-8b3f-0743469a8b59_7126-75,2,-4.6183113104743505,1.4274188146632074,-3.5525302100107066,0.4440675318367209,-3.156786401755237,-5.4746359346417135,-3.5448391848286644
49b14463-2172-4b0e-ad13-fdf9383e9a77_426-72,3,-8.529502115286846,-12.213417090869823,-1.820687718010108,1.7237575901552842,-2.4329678604043448,-3.6020301695636414,-2.220162889635385
e623faab-101a-41a6-83ac-8e22b4371aba_1053-43,3,-6.12330589824864,-9.521894383789444,-3.676285740487684,5.6361707433183295,-5.489354578726783,-9.674492773415402,-0.16633472492996582
90398a2b-de6b-4232-9bea-149c48cb1326_334-80,1,2.3136693993548394,-12.218505021530259,-8.997434431376881,-3.7164169195637453,3.8356655260978907,-0.8212781802599252,-0.504262906395816
4ff2e551-1ccb-44ce-8b68-09666397f681_554-17,3,-16.10451354921479,-12.561912807119226,6.948997237864782,-1.5105034158166573,3.7798239465569985,-4.447267492441219,1.7384668519324835
a5bd4711-275b-4bbf-96fe-37553e5d3e93_480-52,1,-2.8258740904345263,-10.320306344776794,0.11689154852478278,-1.1493056545181797,17.25589184371329,-13.07559032551978,-5.102974701686373
6e68d2f9-6d37-4317-a3eb-9541321d558e_977-72,4,-0.04688640265544164,-9.215463925202165,-2.1987498214367944,-6.617035660339694,1.882784747596073,7.079733666025677,-4.876133763613124
17be1d0a-f213-4126-ab6e-08e5c8ee5b93_4479-70,4,-5.921086454852205,-3.099380921115161,1.250809185723706,-11.079183254180494,0.8137137190505586,1.6720404498366594,-6.860501905215608
92153977-6016-4863-be78-c4af25a56a0f_394-80,2,-1.0177166179444352,-8.708840101457263,-5.583697205434701,-2.2034343661888967,0.6079883237350963,-3.1876656405076624,0.6082599041165473
bdeb0df9-2983-41bb-ba27-c431d9ef3163_1772-82,3,-1.678297580342385,-8.244853530304571,-1.0433142686711743,-1.3796944123563635,-1.7671275289514683,-3.8468223653781592,-6.608459029459072
15c5a595-c577-4b4b-b26a-639517f140c9_1-82,3,-4.399523316290958,-10.125590696483794,-4.065031128499358,-1.451517229654264,1.9200432505790967,0.8448408769961873,-3.081140701000565
af43394e-d24c-40c2-b03a-f3cdff888370_762-90,3,-3.629601857529772,-9.857474032127998,-0.15694511969034575,-0.6641955293892732,5.1907338871176485,-3.5245494619085216,3.6087964628884697
864618d9-cc17-4e90-8c64-7a1e4ba23d17_294-04,3,2.78678306772711,-9.487868389357281,-4.931481899143488,-1.8963450914780307,7.335096720734479,2.413933000835872,-3.479936994665821
0d5f2917-e0bd-47cb-b887-1c14c69568f9_848-84,2,6.707174196804092,-7.587299950719038,-6.3294331775642725,-2.309387721285752,-13.963353947556943,-9.340020012586812,-4.280119665227117
9d2ec4ad-945f-4614-b41f-24260de662f6_1664-30,4,6.274238184126503,-10.087340874604118,-14.19583322213205,-6.7839742167081205,3.3568082114585707,-1.0845035032918,4.0135411611189555
d752fc52-9592-4cb5-910b-d09bb39261fd_420-77,0,5.88051226953047,-14.434817210143368,-4.022645223473916,-9.382171322498992,1.0504650601174839,-0.09981967503428812,-1.2004814131424966
5ab334f2-ecc8-4a05-96f8-4320225379b2_214-77,4,-1.7861005829020802,-8.442890182090892,-6.044993251439296,6.61624106759813,0.7506524525300251,-0.4102361030817714,0.5971531149108751
f5accd2a-0799-4345-9e0d-eb8d87a677a4_1449-87,1,2.7728850903526685,-8.331747272899383,-2.6154172127176296,0.14088741367960633,-2.563003120529715,-7.276773923223228,-8.701028732902595
05d5d7cf-9fb9-4390-bcd3-dd626b948771_1543-50,0,1.9446702364732498,-9.651063178459685,-4.275223579082997,-0.44860663757390573,-4.202969990215385,4.161726822822322,3.9291660585826302
b6ae365a-dd70-42c4-90d6-e0351778d991_416-05,4,3.3926398270587756,-5.5776116041416,-8.534437044943866,-1.0590161553515052,-9.168705611017868,-11.331852734810568,-10.150689163157523
b9de7a2c-d02e-4d66-9556-381f0b7ca51a_3795-42,2,8.434186728391197,-8.63718542213662,-4.117570927215532,-6.1227012915601495,-3.627907019942233,-10.18134713005252,-8.403324667373772
214b62df-2fb1-4b0e-af9d-42b0dd37defb_138-53,2,1.2120204892152961,-3.821610552182536,-11.239771506116481,-1.4370408157122918,-0.8099051274848741,-7.912980408271297,0.6002802736653026
38a66acf-33c8-4ed5-b814-7322087b2e21_2113-44,0,-5.836207990084697,-6.281929041164378,3.6401128216565435,1.595789921160608,0.583431142153242,-4.617343261931048,-3.387093794067426
262fd2ec-8eba-44d9-8082-4d0574f7a515_1038-82,0,8.689557580763752,-5.622747329306948,-7.286377663517204,-2.714114390898943,-1.5161440504371564,-1.956581425663821,-1.5496841970408086
4209376c-04be-47f0-b905-835fedde4cd0_5602-77,4,-1.4498069347643507,-5.253134130976418,-4.7914340936805875,-0.5475175401054369,1.2850628625070115,10.039479245544726,-7.205055517924632
10a848ed-f258-4930-abdd-1fd60b788abc_489-09,1,8.985909589307067,-10.609348242455308,-10.580919873575922,-8.2451266129222,-5.865288280001434,0.3611658577977823,-2.1072228328193607
f6da4761-4774-4e05-bb2a-beca6db68f51_4196-85,2,-7.564968923803044,-14.063415735848444,1.481207569793245,0.4372681036445827,9.34120559132044,-6.069146492551633,0.6039371018967259
5ed59c41-af9e-4368-a0ce-30d536d34895_1575-15,1,1.0480493943587645,-13.367273388549293,-6.742693172204293,-2.3909455014452403,3.5605072640454978,2.0559600996957186,-6.132247620582062
c7da3efd-4a18-458e-90fd-f757ed966a63_380-64,2,-0.2935253526691326,-8.770336407667347,-0.948659537851366,-10.28561011353773,3.9152057490230283,7.83260637049905,-2.1607235394812063
e402df54-0a64-424e-a7e6-3e68b18a761c_62-43,0,1.4042996089526834,-12.013622280694477,-1.1351509700978166,-3.525197095480457,-5.5508008989795,2.182873752849158,-5.497636101462064
3455a3f3-1657-46bb-ae42-52d16ec5ffaa_959-38,0,-5.09642542295196,-3.5192956912334203,-4.517457807543318,-4.645187040905875,-8.211869939723071,0.3124062772638885,0.7330452993636363
a12f0a2e-e066-4b65-8603-6754bb73e196_30-04,2,-5.405301585818075,-13.785957126867409,-11.765445229478843,-9.515122066949647,20.174588140377782,4.58891635309622,-5.075935478923199
72c81e60-8604-4897-8cd5-71df5244acaa_1172-93,3,-13.696159264854185,-2.080119778875212,-7.6334982122679165,-6.998161484315759,-4.444162974890929,-8.961167410656444,4.884451229624476
324ec8a1-3bd1-46b6-9abb-a824e53c0879_1801-82,4,-7.729415386599465,-8.675029572128524,1.7732148382752229,2.8264869636688057,-1.3438508194642873,0.22016288759895897,-7.969060232729295
86fb4797-274f-4807-848a-8b1ddc5c29e8_808-67,4,3.810637280050241,-5.4494008609032445,-3.019351623533665,-8.584569150521721,3.4953963358648084,1.3185825313030444,-3.641743952636878
8fafc02a-ef7a-46f4-ae97-b0c68c8bb207_16014-05,3,-5.229708560043271,-9.763405638786999,-3.0953644297900733,-6.708752067748291,-5.906172137510332,4.261806688344054,3.531885969847095
f51552ce-3d91-448c-8770-9800a6b5aa50_1666-29,4,-2.246112424710789,-14.494287231428963,4.072690324247777,5.341023213900311,-12.914594873832224,-0.2869017168365078,1.592718808452048
283a15b5-59ae-4f04-9738-bf49c97496a8_102-60,1,-9.011564548792839,-6.119774038956911,5.535832155410161,-3.6367358530327643,-0.8538681001927284,0.4752583240991899,-8.40593843266907
0f574f9b-00bc-479d-894b-9e7c999fe13a_302-98,3,2.094588658275309,-10.711297980924773,-3.1132508064186153,-4.7116162628605185,5.440155507679783,2.6561558288790614,-8.783559051068242
6243586b-a8df-4c37-95f8-da7f4f5d57d6_513-82,2,-6.915380870634837,-7.089594402179416,-2.8289205629039396,2.0933878200500136,4.206272030149943,-4.739597447008537,2.6182292788317545
c864505c-9d49-4da4-bf7e-254b4c348c03_191-07,3,-3.3924466821530377,-9.941290199885248,-8.47061909046487,-6.765608623010198,-0.12976841100486614,-2.3752387111755384,-1.3444648167528972
18189ea3-00fd-428a-bbae-7549ddd9a97e_803-15,0,-3.288619665938456,-10.77101905507589,-6.017366765472918,-18.642400069816535,2.0860543216285445,0.8708089096020357,-2.5359007978521917
b3a0d595-d5b4-4e4b-9c52-337053871604_278-40,3,-4.443537067049462,-8.72089701400859,-5.616957266833914,5.407491118475006,-8.972386636230484,-4.186696437912807,0.2696345529881814
3091004e-8606-417e-8bc2-7922f951845f_73-46,0,-0.6105106967208522,-6.920168396956323,4.440142882190667,-7.183927629381268,2.125087386749914,1.8594941362137547,-8.603396501108339
d66f42bb-822b-444a-bce0-ddd15b29bd1b_7-30,0,13.595807928490006,-15.824619236683704,-4.353191542665618,-4.6931778162110644,8.238781317359948,-3.7490993350868833,-9.90855780746853
e3f37c38-bf24-481f-b1c6-8d472fab4290_1679-92,2,-1.1663125142902242,-7.713778506087723,-3.595685743517535,-1.0602518257642557,-1.8172934069481699,-5.4725345486180865,5.307061282396192
d6f9d174-2d42-49e7-83e4-daa9e8b0aa25_432-24,3,2.8442741619266014,-1.7223433061913722,-0.8979488264136948,-1.7018409501473912,0.6984876715753593,-6.0513909280952305,6.348939680254522
d40be91b-85bb-4c47-ac18-52c4d044e3fc_5905-56,1,-3.0089441627466087,-9.292001825320774,-3.571472997159284,6.727801113289666,-1.8107430810177678,-1.9214660793148144,-1.5311379468001456
38788778-0822-4c9c-b51e-5bce8a765a97_91-28,1,-5.591436897057873,-5.002232827592932,-4.523784451272588,5.129958272774782,1.7092258329850292,-1.8806003630615142,-0.9244542160969482
b9b65293-fec8-494e-81e7-c4496aafba6f_1524-26,0,-1.589921949409322,-5.652878137659328,-6.4665252849063535,0.34420604460256077,-1.831520646755242,-5.7815090854098425,-2.8467579957339577
53e92e25-fe03-4311-9a17-c4f6a29ccad1_1365-15,4,2.9386640857289756,-5.017799053240932,-13.381013655617787,6.809637937751793,2.4870368632673667,-18.416681327413023,-1.7351986197572407
6b7fc6db-e979-43a0-b61f-7dced89d423d_347-96,2,-3.3524078502196497,-4.766358406719838,-12.190138738043375,13.64455667884947,-4.897198593040228,-3.3039080372494385,-1.7807632983324653
d1c7b7ec-506e-4c02-b008-8b5aaaf442d7_1891-93,0,2.2523848840765726,-10.331166689443211,-6.989433061033925,-1.9214786710107532,3.097280177057135,-7.55086005448631,-3.6207886802806915
3588502f-e1c1-426c-81d6-6fac28e6c81a_531-41,4,-7.463059339719377,-9.012971222798663,0.465509300104602,-2.0368956701327487,-3.0994704896311775,-2.7383135397619056,-4.752831913301654
426eb9d9-d4cf-4acc-9efb-979f61a5be91_785-24,4,4.160616824961478,-18.603793085896875,1.5683221517089683,-6.8535930516328705,-3.875850574974023,-0.4366171957992018,0.20192351085231408
8b82316c-c293-49a7-b401-a3cc026ab1d0_3206-95,2,-7.69850722233662,-5.3780741094177325,1.7979668837289426,-8.970342268120097,5.410099232592231,2.638786209437676,-1.7129318038668115
2859218c-84ee-4e85-833f-74255b355032_596-50,2,-3.9205895512059454,-12.160250683206074,-5.623443149918588,-8.39700853027664,-1.6964994646332616,14.575990825859005,-6.5866488670678605
17be1d0a-f213-4126-ab6e-08e5c8ee5b93_1922-28,4,-2.491526448850995,-3.5088613450730017,-1.8423076735414334,-2.214383215189838,-0.10303401007651042,0.5282482418895809,-8.513170714166584
c34effc7-6198-4c85-80c7-c8be85b77dd3_5200-39,2,-7.464458187743968,-4.298882063612451,-3.7636360342969315,-1.9671493730791982,5.3929481360079805,-6.758313594841702,-2.8658090502215923
fb92d350-9bf9-4b16-8a1f-7858de276226_2190-65,0,-9.46292323134015,-3.2015570430526745,-1.5447235785282367,5.177602890608966,-2.552060710368997,-4.498767447176352,-7.76783902518175
ef641454-94d5-4fe4-bf21-710144143967_723-67,0,-1.1731412690035814,-2.0983200832949374,-7.288462842778269,-0.9706797975418961,9.079690788255446,-4.8421853937588,1.166585290088367
d0a861f7-3e5c-4836-9b43-29a0b3288165_1279-67,2,0.017945011263216237,-6.777240118010917,-4.566203605111765,-0.4572383097430395,9.723554652610439,-7.276853616425377,8.056806160741285
0696265e-aba2-401b-9316-c380c30c901e_878-07,1,-5.864723377922392,-11.454355180746962,-0.7336725188026509,-0.16587769433438937,4.463979777771253,-7.892154780678014,-6.06321517671903
89d8c9c5-fa11-4674-b08f-007f81958555_227-24,4,-3.131046635769792,-8.879525418159359,-7.502935959251561,2.2454117956459947,1.5999474576742712,-4.17057374390039,1.6899215793599187
a5bd4711-275b-4bbf-96fe-37553e5d3e93_1659-18,1,-5.608006088933671,-9.403761703041138,-1.9460783069109269,-0.6332207240905019,14.587021664299478,-10.767689392708693,0.13424302962480983
a3c41b4b-6dc7-4e69-b04b-ca30b4f1c185_1014-12,4,-15.525912047390767,-7.015907641990018,5.576988045891255,-1.485281415906572,4.722318906884557,-6.1152126715038175,-2.7713949189946643
fd2ae8b4-b683-4c4b-935c-78b4dadbdbf8_4100-48,2,-4.288700314418286,-4.198851382834638,-2.5114775004683407,-1.2082844544101938,0.8082255341439192,-6.201230429770757,-1.4667548536620192
f0b8d19e-28c0-4d11-bb2d-5c6576eb7dcb_138-10,1,-10.609065182379727,-5.829726907522075,1.2833256521324374,-1.0341374344607939,0.2102671905788172,-1.9889117597534487,-0.25672634806054084
7b5fafdb-136a-4722-84a4-cffb213a224a_2353-21,3,-0.9764586395112298,-10.320056394759863,-2.173734671077435,-3.058476320675725,3.183129432736222,4.0860740891127305,-2.962705911408603
59764b58-1523-48b3-88d2-9fc07880e597_1504-77,4,-3.516027698164026,-3.352891773432594,-1.985822001682399,2.7013986582804805,-4.323176930004021,-3.1139259024338855,0.13610545630261495
39d1462e-506c-482b-9c9e-a94cffd71563_2316-87,3,-10.844349085898994,-8.529162370148244,4.826058608328584,-9.078176150729606,-4.482222138078956,-6.028680523360799,-7.410130447541273
c7da3efd-4a18-458e-90fd-f757ed966a63_8-87,2,-3.787468186067975,-13.51414510368727,-4.767398843908541,0.3198934448742019,3.668962325940404,-0.8297991387103045,-1.716424112659104
695cefe9-04c0-42fb-80fc-d308b314b788_303-92,3,-2.4457105256708345,-5.672769670200125,-3.9982671341079947,-5.268745567613181,5.488721020229898,-2.776139643759561,-6.120255094909912
348f0f69-cd49-4c00-af91-f1765155e858_1127-21,3,-10.710369704181964,-6.9168581036989085,-2.9359699175511085,-10.978489708436706,-1.6833548956235873,-2.490179505060622,-1.7604824960344856
ce19b572-7341-426a-8c2f-fe067344c98d_1914-35,3,-9.666668119069351,-13.862020192170268,1.7656773454643395,-11.926650146139362,7.663661108008402,3.6826069628200964,8.962173639175553
2dbdd409-0be0-447c-8ae8-3f107fe9af80_1697-32,0,-7.713139390446621,-6.140115073729856,6.463431876485744,0.18045459889239246,-5.286173607046247,0.19215440796419792,-1.9948868126500097
eb5cb2b0-59e6-45da-af1b-ba86c7ab0b54_705-79,0,-5.33184954796428,-13.91939266145289,1.7102310017364988,6.193684462915045,2.0070499387008844,-10.474924582981906,-10.463075395778787
cf3956a7-8cc6-4a99-8770-71a15c7e69c7_5040-48,4,-0.8114773067574617,-7.327884384222437,-12.229069298159274,-3.6429659986678327,3.8440182070096967,0.1644970919586335,-2.2034945930304324
cfa595aa-c467-48fe-a86b-2e9b1a63ccab_1218-24,0,-3.929071791560921,-11.500403045141109,-3.532542651960826,5.953526731392551,-1.6334879440101058,-2.1262649790857076,3.2461382021790857
1ce16a97-f614-4660-b21c-4205b33c8bab_1988-77,1,-5.966606963824852,-8.237981329820014,0.983365141969835,0.5578583681543607,-5.837351743932774,-5.48407594022118,1.8800481044734676
4c9777fc-1997-4dc8-a2d2-ea59c50b32f4_573-78,0,2.0183850390566156,-8.309814340870757,-2.840256061888563,-5.373971851466168,-0.4461332986750245,0.6305586306992632,2.6478404310407178
153cd84b-0345-4590-90f6-f66c294db429_799-88,2,-5.877629441833978,-7.166356126339117,-3.5989383492311418,-5.5858263290642425,1.1014728012130874,-2.3082380509207514,-3.085714836993257
3ae05e5a-f724-41e8-9000-90b7dd31379b_288-48,2,-2.4172140777946955,-7.874621608291659,-6.125249914452295,0.33514236532242325,2.014508049779739,2.4800570945699154,-1.016631630921616
088add57-cf62-4ddd-9908-7eb738b0ec22_2767-48,0,4.107002558927848,-9.54130785747174,-4.083072713589205,-4.873705410892746,-2.4660776930028816,2.5654379749334506,4.015959209541473
68134357-62e5-4f0b-8300-2e661763aeb5_389-26,4,-3.6652174647699756,-6.902123887490803,-7.901820311471414,5.088028563949553,1.5158106892341585,-7.543937382986606,1.2122970973382032
fd2ae8b4-b683-4c4b-935c-78b4dadbdbf8_3860-90,2,-7.515938569621777,-3.1992698786696723,-0.15608003188836284,-1.6613858868621199,-0.4027133130270937,-8.24669892942756,6.067087591712876
93a5f8cb-d7eb-4e5a-9913-77ef1487ce61_3858-22,4,-1.6330819654069268,-7.7251840637716995,2.1326019510683594,-1.4813422042570348,2.1536306492225714,-0.2174876940845447,-6.034936869639987
d013010f-fca0-4fc0-9545-500318a8e91f_511-08,1,-4.017067036345468,-9.816392820124452,3.621641663876801,-4.212714955455538,-0.5372757909235955,-4.96088210195243,-5.3686118798386335
069c1058-881d-49da-b45d-b9f7e08fe932_475-96,0,5.661091237302177,-7.576013618151339,-9.478368812591858,-6.868131455232093,0.40872254509915196,1.120842219147586,-6.365535091906308
8d4adc89-dcec-42ca-aebc-0d05cafa8f26_21-35,0,0.8972494280101517,-12.472228394172381,-2.3545159608457467,-1.8836996280155367,-6.7568321939073765,-2.3124545901550078,-6.818526228486403
635cb327-1636-4fbc-a9ca-5a7adfc34b2e_0-40,0,6.943284500771091,-11.650926046620436,-6.683805265570236,-3.4246207228608325,1.6686752746090021,-1.2993418407113095,-2.4991720196752967
134d9865-d9ee-47e5-a121-589a26c6b3ba_1586-50,4,-3.136579980721642,-6.023851089851502,-6.7956228217626045,0.6875799608743924,1.255743455238315,-1.3831985581209367,-0.2195188515137685
39af7641-e376-4a99-977f-4d7f746e14ba_79-79,2,-3.9002796116543195,-9.723331774713674,-1.2491545055245008,6.380797702477933,0.2398014097610541,-4.482361831530298,-1.6108804845314877
6639f53c-701d-4fe7-adcd-55d040ce8afe_0-03,0,0.8009396938965905,-10.132402406238715,0.9445807804245532,-3.68912903915402,2.917256197846425,1.965509761916877,-5.236553766231732
df0b81a6-826c-4e9b-8921-392304716c0e_525-16,4,-7.128858337920784,-11.20649728467346,-1.7579139492346414,-3.846211189882269,2.5278778219522096,-5.339471101388154,-2.4300361404409023
ecdc4071-1903-4024-a357-d0082720168e_454-42,2,6.892548067725019,-8.174257749646168,-10.047369573020452,-4.9106470712155135,-7.0996412239130215,-0.31744924499104554,-3.180274848288729
792d0000-7dcd-4e6c-a486-7befe397233d_917-53,1,-3.2472781530496264,-3.0014288798902546,-15.13536432078406,-0.8965112784509142,6.680243482792147,-6.287971678252084,-1.1434628319614868
c23eaef5-7441-42b4-9456-9f5a4a1bd615_11-29,3,-0.9506114671416581,-10.428950523935592,0.46159219027305065,0.8219641720882458,3.799862341210667,-5.075927649913583,-1.942680352931094
d74c95ba-e072-44f8-bb2f-2631379af06d_1057-19,4,-1.695255114198607,-5.122302708407702,-2.2439555026244813,-0.8212033718160718,-2.819312952050077,-2.535778970540487,1.4808949855592424
d2985e7b-6dc8-4c7e-9aef-40d633895aa0_1413-23,1,-8.860731066360598,-3.5896679227914374,-3.871717508537124,-1.3933825994429043,-5.296014545554033,-4.004545239015586,2.024784358169006
f5778003-9aea-4ca0-9398-69299ba0331c_124-11,0,-5.626508161561125,-17.417619941043036,-14.480185369630254,-5.671400004535591,-0.32180326624742916,-6.170169342481598,-2.6161588481246163
6f7f3410-1e20-4eb2-b7b0-088c1500054b_299-75,4,-4.344406619347611,-7.4944993174636965,-0.10105694434127166,5.067367179733077,-5.372351067085999,-2.80386892975558,3.0302951020533024
eabf19d3-4e52-4aee-8f14-5118626a078f_778-52,4,3.4825695601366538,-10.218053504994728,-7.2892286646844,6.009714429514396,8.12097236891783,-4.185014191692724,5.001561889450971
9a33e9f1-a740-4810-a624-62b0c9935741_2416-26,4,-4.2348438555522865,-4.489284266213545,-1.0584281765548678,3.4566293115800586,1.4083838636958643,-14.385897429987278,-4.66009535445194
d3a0899e-2093-454c-9f65-30087883193a_399-22,4,-1.9963876732788177,-2.8032772825672456,0.10746189426005781,-8.429228280734709,11.078995962704385,4.2980850820489644,-7.343846857228512
3024e27a-237a-4b48-8ea9-b9b16181eaf1_49-89,0,-8.472638316162117,-8.08337759437257,2.2295588271844795,2.621998866250112,0.7292322162189068,-7.822590826193197,2.324126265078012
e6d852dd-2510-482f-ad25-3d731388ea44_105-51,2,3.02719957164589,-9.136656890704774,-9.963939186157608,-6.719722263922419,2.5642766108485864,4.717779520751748,-10.859715213048602
95f2caf6-c6f5-4471-9763-2957e248eb58_588-89,1,-1.7691747820985428,-4.581477328151718,0.32580748002596627,-1.996172190544928,2.090463325591747,-1.1150546708245037,3.2420622784159194
e70f4b34-432f-47dc-834f-5bc6bd67dc62_78-75,1,-5.809480878756055,-15.432870272790431,-2.4138729693853307,-12.334510829139088,7.235071820891652,1.5389283758743102,-7.684979438084251
3f7f5927-02e7-42ea-a31a-edea41bc17f9_565-60,4,-8.895090065510633,-8.304725290429078,-10.018297616180645,0.2303870524110898,-5.103920238070004,-3.4325956709370535,-8.729241839993692
214b62df-2fb1-4b0e-af9d-42b0dd37defb_1307-44,2,3.0585266641570366,-1.933726188144007,2.3539485046435877,-8.345118059752064,3.623347979861286,0.011228478132612185,-0.9942774073787684
11f247e0-179a-4b9d-8244-16fb918010a1_1002-90,2,-3.073299286243302,-7.90418780012825,-2.621038909428172,-0.5865746152488975,0.021623402392802787,-1.2091070671703856,-1.3398966114222555
2a97736a-4fff-4753-84de-e6586a5603cc_2712-24,2,-1.6597845603859644,-11.350794508788375,-10.097283239626115,-1.6906390701268394,-10.486535679670965,-11.676068237466753,-2.2570057641530408
93f78437-229d-4824-a8c1-68d9b17e754d_1063-21,3,4.039745384322793,-10.111841126802716,-5.7076923526377765,-5.621789764455935,-0.2289466572048281,2.5322202406761836,-1.888933095909763
85b87948-4578-4912-95cb-addd19cfd31a_1580-85,2,-8.60262274662843,-13.164185052421413,7.858037164857091,-7.009221344395794,3.9951026794626876,3.895298712129041,-0.573112938925868
e00d8164-9996-48ed-8645-bb88ab30cc09_113-51,0,-2.2305300791339877,-13.798225871767798,0.38348766167709814,-5.225304174812951,-5.4067540685298745,-4.170467364452946,-1.4502304514217377
4651e5c2-4371-4af2-8f05-cb8b0b1ec7fd_233-33,0,2.833820208767182,-13.410026427187951,-7.153502241241389,-8.50844918463512,8.270251833328667,2.7530074727168232,-3.2825736238398386
dc4d0940-b35c-4700-af77-5f13bb530ad8_1063-54,2,0.9388457148493652,-8.085200290248725,-9.314906070489844,0.17136311188407838,17.47369092256123,-3.7144802655017397,-1.0800754470055116
f77f437c-4e60-43ef-a5e1-ce3881409455_1543-97,3,-1.7777877096898096,-5.067741559114294,7.187218480927504,-3.0565409144487004,2.6058740397495175,-4.242945640960036,-7.40265612543105
42d72164-8f4a-49e4-8b95-b3ad423ba65b_81-84,4,0.12885779068757408,-7.15301238712855,0.7320548646785392,1.8057871481501016,-1.3610423896981263,-16.38969811534646,-2.118976470725778
56da7a14-f3fe-4dd9-9acb-92917603f42c_469-73,2,-3.325682699854075,-9.59778441641079,-3.1172570369734953,-1.9507073288048478,-6.353403042603139,-2.9432216039927757,2.332914700859546
1106ee5c-8829-460f-8454-c4a8348f5400_10077-91,4,-0.6759973133998498,-2.9544473046617075,-2.922811616978688,4.973226205186368,-4.23570833482751,-2.194691882515478,-1.2101725350755173
af72c57c-b242-48b2-8d00-aea29f4e37ac_1063-17,0,4.998440055144494,-8.856854076348611,-2.249108043021499,-3.0253812181477775,2.44085870309864,-7.166946444969135,-2.9747706560520317
8e605fdf-a4f1-4393-975a-f332ab6b5f79_167-81,1,-5.235922084925829,-8.631578152183039,-2.5330229979740864,1.7011191247318465,5.486378745725152,-7.471467087290816,0.05255993600790765
48d7d009-425f-4d1a-a6a9-a4742bd0d9fe_2349-91,1,-4.523822681054202,-12.123586510408689,-8.136513232549294,0.04259624156530739,-1.9415667039967517,-1.883755406468631,-4.317716269290191
4f80ac6f-b78f-441b-b80d-fa8dd10756c4_471-91,1,-8.201330876344079,-2.7587843201622126,-2.4178555666412023,5.703473526138304,-8.174203899305194,-6.831986486012118,7.837222725695597
e5d2cc2c-0a36-4bad-bf50-bc9347e99eca_1120-59,3,-3.6277352826504976,-9.036018602145573,-1.309834150672864,1.866612734559546,1.5747929832972773,-5.927065283110925,8.105853564066564
706de1df-babc-4e54-a310-1d9070140197_195-59,2,-1.1089291254640425,-6.864105526121197,-3.7284183006985536,1.216713186231976,0.7349491803194004,-3.3435126082983233,1.067661062370842
d64fb34a-08fd-416c-ac6f-86a0813869a8_437-60,3,-1.0103145111192484,-9.191918198391596,2.0380582033418206,-4.80177697794884,-0.1771589710302467,-6.224360282568645,-0.24479416618616057
c25111f0-0c78-4bf8-a16d-57a6c25c2169_3852-71,4,-1.4761541337813733,-1.8600681906198222,0.28387579741555147,-5.263635392310711,-2.3442395395072095,-9.46886881498536,-0.2886992304606788
f1b5ae1e-742c-4802-9e61-ff8aae83e12e_459-05,2,-13.8083063903368,-11.932041495071799,8.66182746044396,1.8096166737626591,-5.249574486978907,-7.432716530558366,3.4491320928928095
828ef13f-f52a-4a16-b206-4ec7e471f025_274-71,0,0.1676557949972568,-13.752355327818197,-10.899066507614677,-4.5408504454761704,-1.363770192854501,-2.915736380159324,-1.9105551668824932
40f3258a-f7d8-4b05-8b6a-bd9f8d5b85fb_792-58,3,-4.020168722269023,-9.86567695069571,3.021230996333603,2.146024724841461,1.2702653310143446,2.8400853602245526,5.161935749775901
e9e0f26d-3005-436a-a70f-7d99977808c8_1554-09,3,1.9809697602320044,-8.589605892546913,4.6614134809242,2.138387125863885,-9.91404362076559,-10.56529041709882,2.112288861779059
ed027cb2-5b92-4de2-ab58-69d42325ef15_266-43,1,-5.950249469547643,-0.9679689647810585,3.5369123678323637,-2.5630189611668595,3.631871464939558,-5.457703620612686,-5.905720718681836
bdd32b96-5baf-4d67-9975-34cdce64b0cc_240-16,2,-0.06882694509683907,-10.723434800353953,-0.21716755037214064,-2.430977369573851,7.2775256109721855,-7.9916624210084315,-3.7356841270925516
a13a145f-920a-44ec-8aef-b489c097f4a7_171-91,3,-1.5883118839093004,-12.355371751661574,-4.812693141735765,0.5436366525151577,6.2527383806906,-1.0686801447296306,-1.2681765483300027
0b38da1c-2b62-4c05-a68e-e8f2aafa47a8_1227-10,1,3.868218124642906,-8.189366451173239,-6.857092986831451,0.792436600791917,0.7691464167739068,-0.054223270802243206,-1.4804575590587135
be7ede7a-c212-45ff-8601-e15dd2f7e531_1651-77,4,-2.0245358805253546,-6.801106513195197,1.1669602103725323,-0.8094406905936293,-3.542766296839291,-9.118415786580787,-2.6966631664494445
434a5651-9901-4b32-b782-d9a2bb52e805_711-02,3,2.6111886246420335,-7.31376318353279,1.8963128339796902,-6.064388236050224,-9.696700155961262,-13.734096373342002,-8.996885926727863
e93fdf27-c14c-4794-b4b7-20685b40156f_1304-45,4,-6.668078859868858,-6.220728628073771,4.52424524033017,0.5610105508362775,3.6322362177366108,-12.181895366051792,1.9572627828262474
0b530687-26d8-4c9d-9771-c758ecd2ecbf_14604-13,3,4.537474466067313,-8.226264363316593,2.0229797367509206,-17.311725805764013,-8.65722026053945,0.1534680993844484,-9.876457776282962
dd82f801-fc96-4ced-b066-ad559da3faab_836-46,0,8.350103768858771,-13.349973705083372,2.7187103080400212,1.0065752388178975,-10.564541085033925,-8.021565914558249,-7.749056752586409
3efc152d-ea0e-4372-b552-7d5e1cf07259_6416-63,0,-5.606567927440402,1.1826660472377686,-0.20295744725883758,4.007367536106497,5.537381019008354,-8.678789192856698,-6.407741121323658
ecdc4071-1903-4024-a357-d0082720168e_44-12,2,1.573799524314059,-5.020773400243343,-5.257320165062241,-4.427617378000299,-9.530948949720587,-2.9516839215239,-4.727285089689091
b9b65293-fec8-494e-81e7-c4496aafba6f_2296-78,0,-7.072773707404691,-4.223766799730827,1.1662893555402332,-2.943108541857659,-3.2763130268541345,-5.626711326109206,-5.408311763448761
520374ca-09f9-4716-8176-dd289ea7baa9_659-75,0,-1.0148205709915432,-3.339285790073829,3.6074767099818827,-3.820292451558715,0.9206707316535842,-1.5031115728305857,-0.789944860199141
dd82f801-fc96-4ced-b066-ad559da3faab_1788-27,0,0.24841995785795756,-9.97871616802705,2.150001809127055,6.048433835117364,-3.4906599046320763,-1.9625905974359974,-12.892406701995297
9632b0a9-cf21-4773-b95b-83aae9a23d0a_630-61,2,-5.5964281972399785,-7.240653806591212,-1.4853616813504766,-0.11417605726577396,0.9245325626406704,-4.032192068546065,-11.988715304627988
e1b0b312-ce2d-41a0-be5a-70c807fcc5ef_2287-10,1,-7.932995245829458,-12.412135341297901,-10.141127605990029,-4.021121608725804,13.522267712441108,-6.969633388521215,3.5280901429028946
1acd2d5c-b0d4-4ec5-a54c-6a9c84cb11f6_773-39,4,-0.19137288228385962,-5.854575612714273,-12.932231799605448,5.1272940246507215,-2.633855674177219,-1.9741419636775843,-2.947336813646403
54a421d2-763e-4751-a6b4-54e3d6c46cc1_1361-15,3,-0.29540750807009886,-11.427447694633845,-0.014326353026632876,-1.8090871792096488,-2.409773352365697,-1.0121704487034835,-2.3930163543514413
7c1c5dca-5856-4997-8cda-9fa3bca10a3b_1973-06,3,1.4720499987143238,-12.806581469590922,-0.1271255918476648,-7.707128893246249,-0.43539881803828984,-5.327274076579508,-9.615511511487348
8c075dc9-9c6a-43cf-8c6e-fb1af3624cf0_842-26,4,-1.9219443616953775,-3.1686846921975995,-6.694457206015218,5.112542060316338,-8.179882611537764,-8.470549645183393,-2.4335868691410063
e579ef82-c68f-44dc-8b0f-7fe62e20974c_2509-16,1,8.0956458513921,-10.951463368212346,-16.07632353714491,-5.32209979435015,1.4828373011925013,-2.4830243563005654,-1.801698787131734
34590a11-c136-4423-bdc4-c6a45221e546_565-25,1,1.099623253867386,-11.934942094944965,-3.4355318101224244,-6.885331117669035,-0.8706592832900186,3.121115153128104,-9.660553513762963
af400f98-3c57-46ad-acac-eaca6f940180_508-42,3,3.4453455210446062,-10.893566969729667,-5.23826571179227,0.2097011279325236,2.7232864718215337,-4.291919977954789,-4.157063400398997
14a3d52a-e66c-4a4c-8f71-d86f7199993c_10-64,0,-4.962103650278277,-7.365497325928391,-5.837443961454795,-0.7450612192731947,3.897788827833919,-1.8632912520525415,2.4305245759259617
2ac65951-49b0-4629-981e-edc34b8cdb0f_1091-69,4,-12.508271111865296,-8.247845255996888,3.285226315202908,2.807854109382673,-1.6026903940416695,-1.3874703244229925,-3.303332675783066
39208fca-0c54-48e9-b4f3-b4803bb67661_3315-32,1,-3.5550445567929696,-3.755748008805334,4.394486211474828,-2.156228197632015,-0.22310331441415038,1.6324706591851812,-8.351964478178463
90398a2b-de6b-4232-9bea-149c48cb1326_984-97,1,2.0833875199020917,-8.798872527519684,-7.648868922715871,1.6685880644667246,0.45653947098431874,-1.5305444264149197,-2.9995184662245347
10a848ed-f258-4930-abdd-1fd60b788abc_345-05,1,-2.1611593739556545,-6.83239524387269,-9.774792245045841,5.9758381033774866,-2.4373912914726716,-4.2787139550893585,-5.411488215735753
4bf46557-3c5a-4a89-840d-158403590c9f_3687-37,3,-9.002437674842529,-10.447027226832033,6.2997489410234095,-1.5820053392199331,-1.5080332117696744,-8.715209542464972,0.8769402101260577
38788778-0822-4c9c-b51e-5bce8a765a97_83-68,1,-3.672150664482718,-9.060567175598042,0.9792323534293939,-2.486492148402945,1.2310983605529886,-4.413935685308337,3.4696548317082874
7a680a9a-dd7b-467a-a724-a597f1be9f06_2545-71,1,-2.2383340881229077,-9.564519459213901,-0.816706920067074,1.4370183254333297,-4.09787387424362,-4.720448623905842,-12.414073148690349
7b5fafdb-136a-4722-84a4-cffb213a224a_1092-90,3,2.5606960971871944,-5.17343744773051,-7.545512610996891,-1.892146781060163,7.145017113254454,2.321716831947409,-5.905166654392673
526675a3-acea-4d5b-b5c9-ccb1b89f6e58_421-44,4,-7.010692890164268,-8.000879149472153,-5.112539494093262,-1.0531982655021794,-3.2158634868019167,-5.626137056653078,0.01951030665370168
1a9a07d5-70ad-4e18-9740-66ea985a527b_945-60,3,-2.5194222358318195,-9.91460779138628,1.6071044275033426,3.247686162592428,0.7272583336886712,-4.427278922239362,6.894368579551048
a437e059-78be-4894-a7ab-dc27fa16d3f8_9861-81,0,-4.183622462184667,-0.4947959332751708,1.162295226253704,1.3832116464463955,8.412751082595618,-7.436403502079494,-6.369019564843645
7c1c5dca-5856-4997-8cda-9fa3bca10a3b_1061-91,3,-2.4633431128713763,-9.540915815531312,-4.100066033959857,-12.305234705810514,4.4627491212688515,-2.2851109332432977,2.3968909444018163
f374039b-7f08-4dc3-af64-4e9ff61db531_2262-81,3,-7.170754676287632,-15.321231478668405,6.950852707628551,-7.254209309391646,-0.8067208110563052,-4.348117001333991,-3.6761229746741915
2efc9b47-0a23-4247-89a6-db46dae6c998_416-58,1,-3.672610019649947,-17.500597743670433,-7.114230955180524,-3.9577635641592126,13.87509218805149,-1.6852071473007686,8.893125390636204
c79e05d5-eaf6-4323-a707-744020743037_763-82,1,-2.4782846684064954,-8.665863807643232,-2.7869005302348917,-1.9214340165703279,-5.420018766257348,-7.138139919396007,-1.2844231349347026
949b2e8a-83f9-4b89-b29b-9e8d81600dd8_2242-73,0,0.30530814365371617,-11.052402351347903,-3.8637784738664096,-5.2661875238807205,1.4528087818903503,1.117214245974914,4.16175789129043
e93fdf27-c14c-4794-b4b7-20685b40156f_1313-69,4,-1.9836309025923708,-2.4033952829700898,-0.2885455073291352,2.4558597982017134,-1.0120363407898223,-7.980554905046935,1.9212719123211586
0b530687-26d8-4c9d-9771-c758ecd2ecbf_14330-76,3,-0.6345086530068049,-2.689333858562578,1.3778804167729617,0.762700637806101,-1.3793327036926288,-7.733837873001372,-2.8588931370843333
1f61d972-e61b-4846-af3a-d09db9f111f8_1079-93,1,-9.162473160481058,-6.581004352773306,9.924434482917832,-3.4058787084771582,-3.512060206225717,5.352313153595206,-10.43402268367931
eb81442c-a322-49ea-b243-a39d2e288b9b_838-90,4,-2.9236586237091857,-4.625500976393376,3.370708521037095,0.5334974261386449,-6.8323298349891,-1.6569651955423454,-0.7634961193071512
45c274b8-54e6-4187-9fd9-73c0b0ada28d_1281-25,1,-12.36248764233578,-5.011778279529248,-0.5690132438960163,-1.6637604394844203,-3.1461294081553097,-0.33489220512998275,-0.11728879749681287
2dbdd409-0be0-447c-8ae8-3f107fe9af80_1439-37,0,-6.211805346869056,-8.97457734682184,4.0687621522926225,2.8294270812352496,0.8978868621911044,-10.87721562174981,4.320480720989799
cd1d3c56-69ca-4602-944e-bb9fabb9710b_1865-43,2,-10.079799292271673,-9.27846972485132,3.9014810877373125,-1.7388058567043592,2.15796283515573,-9.56728899042087,2.002835696189913
a055e4e8-cc07-47c1-a438-06f45c4f724c_2257-57,1,-0.07012183534437755,-11.173356692515267,-4.484566319198333,-2.658973461162683,-1.1127726931936346,-1.9302490998631088,2.0996693087839686
7b5fafdb-136a-4722-84a4-cffb213a224a_1908-63,3,0.6273074369588949,-7.302768101190069,-1.881863936470681,-1.3282422174364301,1.828710245371131,5.757990549829861,-7.007391530996972
5a9ca82c-bb33-4f05-9e08-efd614269566_1201-43,3,-3.1747539321786102,-20.957183219210457,-4.868749040482389,-7.099414153367642,-1.9068949756749252,-3.4403584063503443,-0.43958132601592137
1f6eb61d-74fa-411e-979c-2e66e71f2b7d_501-62,0,15.09553906899225,-12.983716464514828,-12.632304123663078,-2.5539890552826905,-4.297186410011342,-12.492254436083702,0.7191283511480555
73f94b03-b777-481d-b342-10c516f192a2_3-08,0,-5.015771154696518,-10.130590307015442,0.7709972729905252,0.1699412928183619,-4.713151036916762,-6.001578916161453,0.09906206150237029
fdbe0fbc-90a3-41b9-8898-a0c7ce3f966c_696-68,2,-5.576725970483936,-9.646307519261248,-0.38513718963769117,1.5169705904392572,-9.759984066017262,-1.9940336249756059,-1.8375935835784512
d64fb34a-08fd-416c-ac6f-86a0813869a8_290-32,3,4.767071112337111,-8.622471294262562,-2.24122288366356,-5.310125397856783,5.709248816979891,-6.006359896362139,-6.196183867843725
214b62df-2fb1-4b0e-af9d-42b0dd37defb_2020-07,2,2.9014884331895407,-5.2397734951673165,-9.806707677622162,-3.095286024575042,3.2698464377505454,-6.030515265985631,2.629713263539954
40b33c95-3689-4ec8-8765-7e926f623b75_726-75,2,6.9423975260183015,-7.868850152040933,-9.127988950094627,-7.444231811452665,7.8130966114317735,-2.8113768700723654,2.5747978646656025
b5c3c1e3-7ee7-4b4a-b938-4d008d5aa49b_521-60,4,0.5454486246980577,-10.19707562073489,9.096422312881481,2.1203692675232193,1.2433655928012346,-8.844724860130341,-2.436995275724569
42d72164-8f4a-49e4-8b95-b3ad423ba65b_1368-26,4,-4.678643405403051,-5.14508846805947,-3.1919394153421283,-4.963610635002432,-1.5712404603372123,-2.0407343894316408,-3.6165747674682227
5c3be03c-07a5-4427-a2fe-449f16e8017b_787-88,4,-8.35773418709385,0.5753612374474368,-0.9895989188208985,-0.18786643362202615,-4.382253174863528,-1.2038725657768587,-7.166078099079859
ca1773b8-ec8e-4f61-8e8f-7e4211830793_835-99,3,-12.499636255569001,-6.566179995983455,-0.33852782696882233,8.726758347443072,3.225487028165036,-4.861342859024619,-2.2423588985609157
5cf98bc1-012f-482d-86ee-9337d8747dce_1374-50,2,0.778213920328422,-7.554339848121964,2.9057976926228686,-7.955093771213076,3.597651622766137,-5.167233623059367,-11.927887929117393
c00d3596-99db-4ea7-9a65-57ab4319d640_329-17,4,-4.909479169186572,-12.747714387913149,1.9431398794388883,-11.292343323432648,-4.5356593322977545,4.9279451511768935,6.551586599978534
9b34e344-494d-4664-8180-a8ff2a692ab2_35-55,1,-1.87450816732113,-9.868599291806635,2.3946209188278216,-0.7306832466763764,0.5889436564828261,-2.4711139236299995,-1.6235843594111203
22653c79-369f-4a0d-a663-33a1da378fe0_292-96,4,4.550262413850241,-9.51892433989587,-2.6743385103243105,-2.478445956581474,2.543696465409588,-3.2268454669384106,-3.1397395257940484
bbd30b78-137a-4c75-a4e9-b51f62b3f04e_184-26,1,1.0578045897712158,-8.360756949522427,-2.4995942081730718,-7.1907361957328675,-1.0829928143105578,-3.844850220696213,0.9512643226951214
5aa8f84b-aea8-4e40-b710-82b93875e1ae_422-21,1,-2.296835697230478,-10.818149319526762,-2.0181821320014945,-1.5548256449523041,-3.0596824765936446,0.016733958156009976,1.5268900961464777
98fcbc28-9542-4f3c-9a03-73af08fb989d_1063-08,1,-5.8183792341698775,-7.4710080394824026,6.246865854834916,-2.0124456198598852,0.8902263248557938,-5.538740578749092,-7.520923354280965
d36cf2fd-8916-4b69-b7a2-e9743675fb38_3568-39,2,-3.2154011901108603,-12.256048477229196,-1.7088541611650072,-1.9727104390392802,-4.982367977830198,-10.70291882670809,2.6137521501757606
8774b5c6-83aa-43b0-8a51-00f173949944_3529-30,0,-9.974097126294302,-13.896697380823351,-6.92900471250138,-1.0114298612954857,-3.7063490954951788,-6.191775682578874,3.295332287119464
4767de01-96e1-4cf4-80f4-1c9d3acd26ed_650-13,1,-5.651865428465724,-11.502221490376801,2.305397619977403,-4.312008200329757,-1.1776470487652853,-5.551341454608159,-10.327365208555868
5f26c69f-6f1c-4041-a81f-3c4808e0a385_156-09,0,-4.657869681692517,-4.618150952967646,-4.404816095981502,6.0199440428210105,2.1555339756241056,-12.602378546870888,4.322044513575866
5b0225e8-b81b-42fe-aa08-b0732b46c8bd_1082-56,0,-3.5986620345660127,-8.047440710823409,-2.1427933412471765,-2.649998095042438,8.856424423407693,-13.861108606575373,-11.145587954651084
449e14cf-f05e-42ac-bb7e-0ba87617f95a_582-28,1,-4.284847919264035,-7.825771147102042,-1.040714710210457,-7.039597637980412,4.545561081031139,-1.3684811804400159,-0.8565202897224398
11663dd8-aa9d-429d-80e2-2807b341350e_224-01,2,-11.060127286503867,-9.250331548601762,1.984905244211181,-0.17966804728522678,-6.458027073081876,-8.055945525491156,6.256306082685383
c8b61175-cfa4-44f9-a88b-76609ffa4ca3_3008-85,2,-6.436106167102351,-5.179447634439858,2.9994151361284236,2.472595436431985,1.9305909150175276,1.054385659166876,3.0309855170682356
95c0a226-5cb1-4380-af73-db2fcdbdbb76_174-41,0,-1.1471226437577595,-4.171935565875158,-2.471705687443644,-3.6745264904000834,-1.2509837397009114,-1.4730319399024498,0.9115965416726204
2cddb76f-24d1-4863-bd91-9a5d1922a543_1368-59,2,7.311266913116355,-7.529294825713626,-0.9357707998432017,-6.129061852245741,5.798860288862782,-2.5145904390445,-4.8481971473134475
8a0de6d0-5d28-43f5-91e6-48f41eeb3752_1074-03,2,-2.8404865775087496,-12.72127049598254,-7.041419208514672,-2.9786003846521396,-2.088013155237981,-4.754623955453097,2.5970750063937924
63d56e4c-e454-48c2-a8f2-5bc2c34622ca_172-69,4,-1.6427502340869773,-3.029165555568172,-3.7117207490490873,2.2739148750338383,-5.249970436453789,-5.018811067020091,-1.3369278988588413
be82ebf1-5feb-4c1b-a71a-f668e3a17726_27-55,0,-21.23341365754844,-7.7860044265842365,1.7828254490024382,-5.6886125457328625,1.6217656886063416,-4.409477014462456,0.5339999834444988
35b1a8c7-80fd-402f-b240-768926b7bcee_562-55,1,-7.376360053023021,-7.100406497170694,-2.8862996584526415,0.906107300983467,-2.13075035618886,2.6177561499884097,-1.6867614515108327
2dbdd409-0be0-447c-8ae8-3f107fe9af80_1653-80,0,-6.955890769663272,-7.531697234126689,10.46475287928403,-2.3354193371439544,-5.591651142233721,-0.983878540811499,-1.0303957272999846
af862b37-12f1-4b55-a1ca-1c162c4f98a0_3380-57,1,-8.465299251427972,-6.704762196442134,-5.901560045847106,0.1578958468576408,0.976593467672243,-7.000240091321453,6.881004890334037
49f87e0a-cc34-447e-87ba-209e430aafb0_2852-27,2,1.2769642838058672,-7.212419425693724,0.392387273683116,-7.8056362340832735,2.1835090108062163,-9.539544310719451,3.378833377735769
1f6eb61d-74fa-411e-979c-2e66e71f2b7d_345-36,0,-3.8958155337108735,-9.556530980779396,1.9840389977225183,-0.8806119913933481,-5.240164632757136,-0.4150383082751947,-6.116715633221018
e95dbd21-3017-48f5-8f36-46531f053ab1_339-47,2,-0.6502118558549128,-10.193939240941441,-10.509367051724617,1.5162571463470451,-2.2205633568470104,-4.404074344229162,2.213286685749601
50c1df1c-e016-472a-b0ac-d297b0c82e87_3264-37,2,-4.635363632781147,-6.362260323345797,-7.12692534871605,-4.962992319591862,7.032912793390178,-0.7591746900919927,-2.638749985017804
b959f479-0508-4f1b-96a5-1b17e86af8ce_1110-67,3,-11.958779634670424,-9.962987801495485,4.541562724641798,1.0285494478152661,2.872296285939248,-5.977344324216074,3.6465587416700345
e623faab-101a-41a6-83ac-8e22b4371aba_1141-39,3,2.9355059513290325,-9.652369080174852,0.9768182133161463,-0.026861425897442892,-1.5954542838870425,-12.577893219638089,-5.737951609034762
64049385-6855-4eed-8b3c-ce3e8d704008_1157-10,2,1.1312570301803184,-8.952038478969602,-8.70438097682157,-7.153361750811091,6.290007679764065,-7.4473214403712955,-0.6320063908843152
2d01625b-b7c4-41aa-989b-2d0b392d8b54_113-94,3,-3.7049334900340654,-3.589438701073558,1.5402809554740835,-3.99522717713041,-1.8045496770014942,-4.276702569317904,-9.41259865957452
17be1d0a-f213-4126-ab6e-08e5c8ee5b93_1056-33,4,-4.48512638599988,-2.1344386330617784,4.27923723628639,-4.124097933236172,-3.853784402605236,-0.7315321666294876,-6.029723778895501
1270f0e2-1bc0-4225-bf6e-3dd68c594c8b_1984-62,3,-5.329523140389547,-15.889280785036782,9.88985352398921,-7.1409881965183875,-0.1991579303019636,4.519348343283312,1.040444861533686
db35b386-4c65-4c5e-a488-51b2aa5eb1fb_481-32,2,-3.111879325213395,-7.289998539440079,-7.794057227924048,3.258101918683278,-0.03677491930573874,-3.142641574106367,4.1573823973638975
033520cd-e7e4-4649-b551-83bb451a4802_382-12,1,-12.183948486469552,-5.885434681939015,-9.437392579402612,-12.262793694041992,12.65447059715825,4.683242406878344,-1.9346519286014823
786877d8-e353-4fae-b488-8d7443646882_883-95,4,-12.074568572572511,-9.742763915510247,-0.6799525075939088,8.144879518010116,-2.553227111428825,-10.221973781298434,4.428327475213389
14e96091-4011-4557-95b3-a195fb5c39d8_919-08,1,-9.129418938132623,-12.65944239095959,1.2084252786079857,-13.612830605880855,2.192181527295356,-6.614981410789255,-4.830702748335551
7a33ca42-9a39-4d59-ba82-c9667c250f48_2200-51,3,-4.144008053447441,-4.666663974977162,-1.3683037069664632,-8.47516815402868,-0.05918699807088468,-9.023925289166446,-0.06737368563656165
f22115b5-b9be-4e30-8576-7c1fcecec480_21-27,2,4.681546917311699,-10.119230819787902,-3.520186138186,-11.316461179194034,7.855299311374915,3.2854206239986135,-8.941420826712385
ac8dba37-ce09-4dc5-b478-8194e41353c3_9451-92,0,-7.69957101023004,-7.341468196025453,-1.1562890212449441,5.092433927139616,3.3694757002789886,1.6035142226106496,7.827624029672846
9fc3678b-86e2-44ab-adbc-9aeda78ceb60_957-19,0,1.6983903462511774,-9.899316312887679,-3.382063949354185,-16.342570434535876,8.785637429628938,0.3797718612886207,-7.971560594588281
e5fea731-7b32-4857-a86b-587eda0ff334_979-09,0,-0.835995810943722,-9.883414823253663,10.331018924740006,-8.800599822647392,-9.685512396896398,-10.672230775635427,-6.3784632751518
0f3fa455-3622-4fb4-a3be-0c1a7fd697a7_1157-44,4,-11.922914287917175,-3.2379360268586908,-7.288600704746756,-3.143334176752856,7.422143312014224,0.24410599169967373,-3.8057418718612763
fb9fda68-f264-465d-9208-19876f5ef90f_63-03,1,0.1508259285081639,-5.338723721854543,-0.9995794459929821,4.114263207875722,-3.984267010249083,-8.59849422458171,-0.8912394464238653
18a3840b-7463-43c4-9aa9-b1d8e486fa84_2172-38,1,1.1107916354600813,-5.228170664958977,-4.16938945875864,-10.04985822620992,6.339640108778794,1.9358632826316549,-12.483141679453729
d40be91b-85bb-4c47-ac18-52c4d044e3fc_13523-54,1,-15.230024150427983,-4.569120810922652,7.449623296868739,-5.500748787593581,-6.058224372445037,-15.800133610885837,-7.094333613457235
ac8dba37-ce09-4dc5-b478-8194e41353c3_748-30,0,1.5954315769089233,-8.928470385070481,-6.272542724587446,-4.260492276383833,5.285696315199796,-0.9366898315986965,1.902145615009157
98fcbc28-9542-4f3c-9a03-73af08fb989d_1376-40,1,-7.826469430715639,-6.4212002136977695,-0.385649440172231,11.739442385223263,-4.931378981920976,-10.747514481824707,-4.354566529064148
d64fb34a-08fd-416c-ac6f-86a0813869a8_494-32,3,3.272254149126568,-13.428758966701395,4.64936871122624,2.666937517438369,-10.630091021323743,-3.0856972061349692,-8.547412477931733
6ef7f9c0-30eb-4280-acc1-55f22f6e2924_2998-83,1,-5.255198523125351,-6.9722715591379725,1.834143111402768,2.8396318655297934,9.848887638642143,-6.088422560133159,-1.528109009263134
744c58f8-9a76-40d4-838f-8c7676fcb316_139-70,2,-9.446083004837867,-11.629418508295128,5.82048635846137,-3.329075913914048,2.081820772364183,-6.0162603592681325,-3.1322450682790732
513f572f-6d1c-4a8a-8b57-9c1d0aa363f7_1015-09,1,-2.5224513787773337,0.7054654854825522,-5.600370770791946,6.150510844014437,0.6669746726435943,-7.551682324785498,-4.552080267303945
0f1024e6-ff80-46e2-aea8-3878f11bc1d7_201-92,3,4.173144100108045,-15.653210620861007,-7.279800616885403,-2.0984803578138536,1.8576521816125435,1.1040073873719054,-8.17182935997209
786877d8-e353-4fae-b488-8d7443646882_1021-24,4,-10.180298317322581,-8.378671011073425,-1.5232139434898242,-1.9756516863055578,-4.152838999369038,-11.422735361972299,-1.1636982293210707
2b012751-2e50-4acb-b645-c864930e92c8_1119-28,1,-5.989010286680115,-4.476367443866167,-1.8307738844444388,3.871165688895622,-4.331129307629755,-9.282023506592077,1.7949490561420687
366b71ad-3f35-4704-b6ef-e793c7e73ac6_1040-50,2,3.260256399753038,-8.489886048522973,-0.7987705153351079,0.40602465168589497,-1.381248312473841,-2.7633189358240267,-5.357971851993225
878666b9-5f3d-476a-960f-3a5d02da7619_6890-95,1,1.0412494920913238,-3.1015781562884204,3.7732315173488926,-4.4249602688445115,2.0524641234810366,-5.761423864169377,-16.494520322879126
439cfa9c-ef6b-41ba-aa5d-2f40b195b374_1380-00,3,-2.5870245188287626,-8.612910421528499,-2.9231203076707186,2.7808785211746483,2.6941016127602655,-10.937049337118989,15.341038070137326
214b62df-2fb1-4b0e-af9d-42b0dd37defb_2181-76,2,1.7918187146785058,-5.5789132013816,-10.975941497061786,-1.6743972438135655,10.946138735824373,-5.203394647839675,-1.252666483678897
5ab334f2-ecc8-4a05-96f8-4320225379b2_905-78,4,-7.729510372277765,-7.680938478836369,0.10980361341273337,7.893146487174791,-7.581608428782278,0.7600869540491004,0.17602500245454422
65d6d7a3-11f7-4472-82b9-527ca04fe25b_633-02,1,-17.13297366887417,-8.061062718380901,-1.218965073694222,3.3203085705048387,-5.4076510912149205,-7.334356281768869,8.092216920406463
7a680a9a-dd7b-467a-a724-a597f1be9f06_3668-06,1,-2.3227103538445184,-7.099913836830531,-0.7882839545492821,-1.6199434033184323,-4.876667185996973,-3.6127762549880003,-6.263011655860286
eb2c9739-dba0-479c-81b7-9dda51c4ac20_1465-40,2,-5.017346961812542,-5.390997810997005,-4.924530285864416,-0.6461907163184897,0.26768609595545834,-6.315570464748747,-12.827024128671798
225a1ffe-3e7e-4ff8-a47e-2e80989077fe_94-47,3,-6.679117759311944,-4.714358331378666,-12.194539556087086,-6.023593570703501,6.50498607347698,-6.313875765773851,-15.495203416688327
fec31c20-1910-4ab1-afc5-6aa3057a45f5_810-30,2,-1.7482335053299696,-7.204762963232993,-3.8980160417553,-1.0086174888755344,7.906969578893188,-4.380387796346853,-2.700651289722317
7c0c0057-3bbc-40ef-a91e-4d6e1a637642_1139-91,1,-7.640018914386792,-6.102284025220315,-12.944303154123247,0.598797970168635,0.7852633983683599,2.7354005432637885,1.836301397226321
584fd34c-9bd5-44fd-8266-9d3161d8c790_3302-91,3,2.7180777743362228,-15.30488930932221,0.5278798363113508,8.699107243196284,4.96708568273296,-4.630936600625892,-0.7774715238378951
cd0c7d35-19cf-4ce2-9b40-0209547acde5_1447-25,1,-6.781048354797292,1.774137038842687,4.73710336489733,0.6797205411721623,1.0481206044667686,-8.790607430452823,-7.088325055473042
d6f9d174-2d42-49e7-83e4-daa9e8b0aa25_1389-10,3,-6.182600913474875,-3.882033564576056,2.087508463218089,-2.5708016342584474,5.893192019363317,-9.308295987919845,5.701456483785971
eb2c9739-dba0-479c-81b7-9dda51c4ac20_275-35,2,-3.3534287622658265,-8.327539641207764,-1.9831308205178182,-2.928441474997798,-1.484072053876497,-7.479433780694901,-11.037339826027747
6fd90f8d-7a4d-425d-a812-3268db0b0342_1001-51,1,-14.343143978922242,-3.8967256785912276,4.506286417072289,-2.4999770809492015,1.7913415640500274,-9.713046113490908,-2.587496812616009
3178c414-453e-44e9-b192-67dba2ccc982_1088-81,4,-4.156350208167816,-5.59974752482416,-3.387860537949285,-2.2947104884767175,-2.273326559124838,-6.970518535473572,-2.2813384501162295
6e4baf27-2090-4a90-816b-a35a0aff0e56_1099-34,0,-4.116570378880855,-4.531218340471739,-2.272721700997112,-7.840234833108307,-1.113438430922932,-3.5651688234508576,-1.4740950575710063
aad332b0-a437-4bd9-9147-f580bb58c3f5_3472-99,0,-5.874268295798416,-4.478258559224669,-1.7727539609329064,0.9056548180156387,2.536165952064735,3.515258613682353,-2.64911121444623
b7022084-61ea-470f-b2cd-49be2ecaf3aa_688-07,0,-5.049092113784221,-2.8778311148640885,-5.445072452501691,-4.4769239597672765,-9.087008594620263,-4.350771217149972,6.991971584402098
4bf46557-3c5a-4a89-840d-158403590c9f_3598-37,3,-8.785853412455026,-2.966757324067413,-1.0662213421216298,-11.789311360622452,-4.475017642551087,-9.186878653138539,2.3353090205143543
d6f9d174-2d42-49e7-83e4-daa9e8b0aa25_270-04,3,-8.644247359066572,-6.357008008820966,-1.027678552926249,5.539382206363147,1.5024257412335449,-8.741987473329692,1.8039733619134477
072623e8-1889-4580-8175-ddc05a3dceb3_11-40,2,-0.8527772385577697,-13.51651657669359,-1.3639029433759862,-3.5041266486848173,1.914314857665065,-7.633455536016438,-2.4551343166417556
10a848ed-f258-4930-abdd-1fd60b788abc_788-28,1,-8.19643532796204,-9.284132317255837,-7.362602009409333,2.42298193867673,-8.763159472771804,-3.016971493248121,3.8149008835992113
7836e736-ef0a-40ed-9b77-b4c12a08b236_3090-06,0,4.418793681921322,-8.173387037225943,-5.98406989890624,-10.054202517549998,-0.6603833571283305,-7.022654102495938,11.095164713869604
c586c267-9ac3-45d5-a9aa-6deab0b9608d_246-72,0,-2.0963568659406033,-9.949891752176685,1.7346478139008323,-1.1787538137209752,-0.39665695463652495,-6.776539712707681,-8.10178387929563
53e92e25-fe03-4311-9a17-c4f6a29ccad1_3512-58,4,-4.176732871020569,-10.063677875105714,-2.3976026303618068,-0.35580798032179484,1.6652452213042794,-6.467098740312727,-2.3914102793093988
83f18213-f8f8-44fa-b9ce-104c6ddbcd57_1657-94,1,1.345355831986467,-6.410760167331873,-5.97501445475511,2.5439339357952617,4.10428861396077,-8.492577009007393,6.075355854761703
ac8704d3-ab1c-4412-a10e-befb387063b2_270-04,2,-4.86935334018137,-11.262546126924239,-3.02406547709821,2.297797591001922,6.207980927618606,1.5498920061592503,-5.386141745179674
053ae0a6-937d-4bdc-8001-d3dfe7899811_1085-52,4,2.1469556650316126,-10.00405479316589,-2.688946517830616,-16.086628209961574,-5.41501672517802,0.7311315478808105,4.41262817417284
bb2297d3-91b7-4ec4-b39b-cc64694929db_0-03,0,-3.7179323966821114,-11.05376709822693,-0.7407637475799955,-4.4163393285183865,0.2621506170928948,2.1803711412868694,-9.139956990300968
fffbaeef-577f-45f0-baa9-f10cabf62dfb_278-37,0,-7.042272765289145,-5.602241139895316,-1.6059911388374044,-2.449728072748174,0.9945516881480275,-3.095041731624838,-1.6634942240317774
42d72164-8f4a-49e4-8b95-b3ad423ba65b_1575-60,4,0.6842200337176556,-4.376407375296779,0.27325306732495713,-3.9333114527200164,-1.9120610728455554,-5.0944598843387485,-3.9676504588908377
dced4894-d13a-4222-941b-5e4ecf1e3299_629-13,3,-8.510768823232251,-8.322983263286138,-1.510985802758592,-1.920661999825708,-1.0453615197210384,-8.747881747834878,3.9738366131521676
110f9870-6b6c-4a20-a3c8-8c2e29c53bb7_1388-88,3,-0.7008902384463807,-4.458163482558781,-0.6230735825747817,-5.576255118611854,-2.934925579540983,-0.702569722942652,-9.273387249552957
f22115b5-b9be-4e30-8576-7c1fcecec480_12-52,2,3.4702056302056006,-10.887396694322714,-0.02785321779035721,-11.24163286652154,7.885806062663335,4.572707545888299,-9.24313047971145
a5bd4711-275b-4bbf-96fe-37553e5d3e93_156-00,1,-12.019921052953146,-4.882312047706342,-0.5142439793278881,4.446763908820322,14.38436742257165,-13.833389477160837,-2.8299521843920292
