representation,fold,category,auroc,n_test
clip_correct_option_norm,0,Safety,0.5698005698005698,80
clip_correct_option_norm,0,Privacy,0.8008658008658008,80
clip_correct_option_norm,0,Proxemics,0.5128205128205129,80
clip_correct_option_norm,0,Politeness,0.556980056980057,80
clip_correct_option_norm,0,Cooperation,0.4974937343358396,80
clip_correct_option_norm,0,Coordination/Proactivity,0.5717566016073479,80
clip_correct_option_norm,0,Communication/Legibility,0.5720823798627002,80
clip_correct_option_norm,1,Safety,0.545,80
clip_correct_option_norm,1,Privacy,0.8095238095238096,80
clip_correct_option_norm,1,Proxemics,0.4116002795248078,80
clip_correct_option_norm,1,Politeness,0.5611899932386747,80
clip_correct_option_norm,1,Cooperation,0.49488491048593347,80
clip_correct_option_norm,1,Coordination/Proactivity,0.5032679738562091,80
clip_correct_option_norm,1,Communication/Legibility,0.41454545454545455,80
clip_correct_option_norm,2,Safety,0.6635030198446937,80
clip_correct_option_norm,2,Privacy,0.6796536796536795,80
clip_correct_option_norm,2,Proxemics,0.43313201035375326,80
clip_correct_option_norm,2,Politeness,0.5253333333333333,80
clip_correct_option_norm,2,Cooperation,0.5386549340037712,80
clip_correct_option_norm,2,Coordination/Proactivity,0.5183823529411765,80
clip_correct_option_norm,2,Communication/Legibility,0.48735119047619047,80
clip_correct_option_norm,3,Safety,0.5877976190476191,80
clip_correct_option_norm,3,Proxemics,0.4950419527078566,80
clip_correct_option_norm,3,Politeness,0.5851648351648352,80
clip_correct_option_norm,3,Cooperation,0.5479797979797979,80
clip_correct_option_norm,3,Coordination/Proactivity,0.6331168831168831,80
clip_correct_option_norm,3,Communication/Legibility,0.46938775510204084,80
clip_correct_option_norm,4,Safety,0.7221095334685599,80
clip_correct_option_norm,4,Privacy,0.7662337662337663,80
clip_correct_option_norm,4,Proxemics,0.4519230769230769,80
clip_correct_option_norm,4,Politeness,0.4874551971326165,80
clip_correct_option_norm,4,Cooperation,0.48375,80
clip_correct_option_norm,4,Coordination/Proactivity,0.48046875,80
clip_correct_option_norm,4,Communication/Legibility,0.47510822510822515,80
