item,x,y,Safety,Privacy,Proxemics,Politeness,Cooperation,Coordination/Proactivity,Communication/Legibility
5605bd9a-d151-4d5b-b0f6-cfc28ae6937e_2980-56,23.64958,8.8458,0,0,1,0,0,1,0
36baa5a9-16bf-4ad6-b011-4d7daae6b8f9_641-91,-4.252248,9.000142,0,0,0,1,1,0,0
d1a27322-8acd-4297-9029-db45af8d7cc2_34-04,1.110556,0.90316236,1,0,0,0,1,0,0
624a6c0a-a4cb-4073-b501-48e4b6b679e4_1105-28,8.076629,7.598668,0,0,0,0,0,0,0
ed027cb2-5b92-4de2-ab58-69d42325ef15_1281-72,-13.745503,-11.405697,0,0,0,1,0,0,1
fb92d350-9bf9-4b16-8a1f-7858de276226_2422-37,4.197353,-19.309092,1,0,0,0,1,0,0
fb92d350-9bf9-4b16-8a1f-7858de276226_32-25,4.4153256,-18.433884,0,1,0,1,0,0,0
356661f5-767b-495d-95c7-03dcc46f85c6_1860-68,-8.156312,20.596415,1,0,0,0,0,0,0
2ec3c123-0a04-46d7-97d5-8b85b5e6d06f_1372-45,-9.079696,24.72496,1,0,1,0,0,0,0
620d3087-c6fb-4b08-bb6a-4dc4ede3b994_2651-56,18.068295,0.3089361,1,0,0,0,0,1,0
375ca7e7-1e3c-4159-9f7f-4691ef11f322_68-87,-9.8673525,-21.185974,0,0,0,0,1,1,0
083b7556-9dff-40e2-9fad-bef3f82dbf37_34-58,8.550955,19.17137,1,0,0,0,1,0,0
a8197601-7474-4cb0-8d08-e8a8febcecfc_997-91,-9.12577,23.783432,1,0,1,0,0,0,0
7c4f8ef4-c126-46b7-8fa9-1b2daf5b41de_2272-79,16.05967,-5.824785,0,0,0,1,0,0,1
a437e059-78be-4894-a7ab-dc27fa16d3f8_6791-07,7.1178675,23.237167,1,0,0,0,1,0,0
307b1878-875f-4703-bfe9-32d11d20853f_32-44,6.0636907,12.3589,0,0,1,0,0,1,0
b1543ea3-e86b-4545-9195-f1bf83e02b41_4163-19,2.3343925,-3.650755,0,0,0,1,0,0,0
5cab806a-3794-4578-94f2-33c3093151d1_433-69,7.861211,-7.759578,0,0,1,0,1,0,0
5e193b30-3e79-4851-801b-dab99125cd44_3348-61,-8.083634,-5.3851814,1,0,0,0,1,0,0
b5c3c1e3-7ee7-4b4a-b938-4d008d5aa49b_644-73,8.979998,-15.118,0,0,1,0,1,0,0
8b82316c-c293-49a7-b401-a3cc026ab1d0_2095-46,13.269928,-11.06563,0,0,0,0,1,0,1
1c983176-b07a-4a69-ae51-de7829de6b6a_261-56,-17.455883,-13.90053,0,0,0,1,0,0,1
f0041c6c-06b2-4c3b-b8e6-934305b4226e_3757-69,6.7231083,22.796366,1,0,0,1,1,0,0
6b7fc6db-e979-43a0-b61f-7dced89d423d_229-56,-10.93994,-16.203773,0,0,0,1,0,0,1
a4375d98-e295-4e7d-a718-d8af066e3d57_1708-23,10.871282,7.026013,1,0,0,0,0,0,0
19f2ea20-5041-4be2-bdc9-714473f16236_5269-91,8.91907,21.92128,1,0,1,0,0,0,0
fb8a0650-986c-4c08-9d97-ac432cca424e_70-34,13.481206,23.66399,1,0,0,0,1,0,0
820d4b9e-6fba-472f-aa45-25b27241d4af_366-20,-9.792025,15.340044,0,0,1,0,1,1,0
9a732221-3adb-4903-b61d-9b8097965fbf_2751-77,0.14956443,-9.38428,0,0,0,0,1,0,0
750c5383-58f6-4063-8cc8-50691a68994d_562-01,-10.4128685,-17.646881,1,0,0,0,1,0,0
24c447b6-094f-49a6-9c20-ed594ab0da65_0-04,-10.853414,-11.29251,0,0,1,1,0,0,0
2dfec7b6-c8b0-4cd0-baf6-4a963aed1d6a_1906-66,-8.59273,14.705201,1,0,0,0,1,0,1
2dbdd409-0be0-447c-8ae8-3f107fe9af80_989-72,7.7480917,-15.843829,0,0,1,0,0,0,0
82e96128-1242-4e57-8a3e-9ea222df022c_2985-80,24.605612,1.3693061,0,0,1,0,0,0,1
5ead8e7c-2600-44b1-afd6-b82cb5f7b9ce_567-35,-9.215109,14.240389,1,0,1,0,0,0,0
20525d50-586a-4792-bfdb-fd941ee64ea9_547-93,-6.918589,-6.7114615,0,0,0,1,1,0,1
6fc30ceb-ace8-49f8-8244-71f14c6d773c_936-70,-4.5240755,7.0869536,0,0,0,1,0,0,1
d8936caf-0142-4ceb-bacc-70313a19f169_694-31,-6.464821,-0.14241922,0,0,0,0,0,0,0
2893d559-89cb-4125-a761-3ff8e68768a9_638-82,-4.886412,13.545533,0,0,1,0,0,0,0
261edec2-f089-4a74-b25f-ddf32c92f90c_801-93,-7.371005,19.924414,1,0,0,0,1,0,0
570fc280-231c-4a3e-99c2-12eefed1c122_925-58,8.569019,11.825179,1,0,0,0,1,0,0
d3980f7e-2ef1-4b2b-b73a-2a7db7465660_452-63,3.0352876,-11.526942,0,0,0,0,1,1,1
75ee5afa-d891-4653-ac4c-d81db1a90af7_32-52,12.716749,14.89938,0,0,1,0,0,0,0
944aacb0-f596-460d-b5a6-9ae05df1d430_3528-77,25.24338,7.476582,0,0,0,0,1,0,1
63e9e643-25c5-435d-b6f0-0aab1af76e68_28-98,21.160496,-4.5597,1,0,0,0,0,0,0
03ca4970-374e-4901-9895-81f262c0da5c_817-27,-11.620847,-18.443104,0,0,0,0,1,1,0
10a848ed-f258-4930-abdd-1fd60b788abc_75-21,3.9228551,15.504199,1,0,0,0,0,1,0
1a50cd38-dda2-41d0-8a6f-294f17373d97_2829-22,19.715654,8.882524,0,0,0,0,0,0,0
170fb6c9-8550-4e82-bb9a-4ad574c0f0fa_7137-29,-16.805595,-2.157572,0,0,0,0,1,0,1
262fd2ec-8eba-44d9-8082-4d0574f7a515_3000-11,-9.643079,-5.3220396,0,0,0,1,1,0,0
2dbdd409-0be0-447c-8ae8-3f107fe9af80_163-46,7.0143557,-15.856218,1,0,0,0,1,0,0
af400f98-3c57-46ad-acac-eaca6f940180_3131-59,12.685421,11.923689,0,0,1,0,0,1,0
d64fb34a-08fd-416c-ac6f-86a0813869a8_275-80,-9.760275,0.64289945,0,0,0,1,1,0,1
caa17bb0-2b04-49b0-8ccc-38b2803a3b1f_26-31,13.190749,20.336742,1,0,0,0,1,0,0
48d7d009-425f-4d1a-a6a9-a4742bd0d9fe_2561-43,16.7122,4.847537,0,0,1,0,1,1,0
963c1ecc-d25e-4c0a-b447-9b26f3778efc_207-31,-4.3424993,10.12759,1,0,1,0,0,0,0
9531cee8-0f60-4a68-8243-397ab7670a75_270-43,-8.850131,19.250847,1,0,0,0,0,0,1
3b021bad-6945-4be2-a7db-44af3db1eae8_2667-18,-0.22890224,-5.119353,0,0,1,0,0,0,0
620d3087-c6fb-4b08-bb6a-4dc4ede3b994_1607-58,18.59574,-0.25461292,1,0,0,0,1,0,0
a71f72c5-5225-4b12-aba3-01fa46f53427_914-96,-15.235411,-17.168383,0,0,1,0,1,0,0
ed792c47-5cb3-427c-a0e9-5dac33456e6a_1026-89,23.203691,7.570773,0,0,0,0,1,1,1
8b89d35d-5e19-4240-b45e-7a692cf962e3_392-22,8.144712,4.2137566,1,0,0,0,0,0,0
baf15309-e865-4e9e-9efd-09097f1d5a43_412-45,3.7141745,-2.980631,0,0,1,1,0,0,0
49b14463-2172-4b0e-ad13-fdf9383e9a77_284-00,-0.56940657,-0.105868764,1,0,0,0,0,0,0
04b2f7a8-1d95-43c2-8b3b-8053b22dda52_810-37,9.0739565,12.728856,0,0,0,0,1,0,1
fd2ae8b4-b683-4c4b-935c-78b4dadbdbf8_3041-68,5.491593,-18.724375,0,0,0,1,0,0,1
92153977-6016-4863-be78-c4af25a56a0f_1117-24,8.724549,-2.7389963,0,0,0,0,1,1,0
600e392c-4be6-4b8b-bef8-e789ce3d8915_3230-09,6.398208,23.771912,0,0,1,1,1,0,0
ec02ed27-b697-44b0-ae18-a9275205bfee_9-72,10.039298,18.552114,1,0,0,0,0,0,0
abca0171-5e73-426e-9ba1-49a6339b2ef5_1825-89,-2.8622556,18.638329,0,0,0,1,1,0,0
470499d1-e015-4d45-a858-ca3e9566085e_961-34,-20.995602,-5.6498284,0,0,1,0,0,0,1
8ed40810-09cf-4061-953c-9fff6e6d6aeb_122-51,-5.410372,23.091473,1,0,0,0,0,1,1
1ea95f25-81f9-46b1-b7a1-c4ca58251c6f_1089-87,10.835448,1.491414,1,0,0,0,0,0,0
1eee4aaf-a21c-4ae5-82cd-96fdccae6742_761-92,11.915883,-20.000603,1,0,0,0,1,0,0
44327c5e-9442-4334-b675-8019df3678af_2165-30,11.458654,2.5764215,1,0,0,0,0,0,0
4de25e28-5a34-4fbe-bc83-200d513b4d9a_1123-59,-5.4602,-6.8591347,0,0,1,0,0,1,0
ad851441-1f15-467e-83d8-48c764e220a8_975-45,-3.1914926,-1.0211781,1,0,0,0,0,1,0
4c64e0d9-72f4-427f-995d-112ef1a2b7a1_210-26,-3.8787978,2.1032765,0,0,1,1,1,0,0
10a848ed-f258-4930-abdd-1fd60b788abc_294-40,4.4060354,17.385466,0,0,0,1,0,0,1
99f41d39-cc65-4aad-b186-23b66e282f19_68-52,-2.774434,6.025497,1,0,1,0,0,0,0
e6d852dd-2510-482f-ad25-3d731388ea44_141-52,14.110191,22.192398,0,0,0,0,1,0,1
261edec2-f089-4a74-b25f-ddf32c92f90c_1105-51,-14.201374,8.236,0,0,0,1,0,0,1
c34effc7-6198-4c85-80c7-c8be85b77dd3_5294-07,-0.3340545,-20.868967,0,0,1,0,0,0,0
e402df54-0a64-424e-a7e6-3e68b18a761c_242-70,-2.3306882,-2.0111284,0,0,1,0,0,0,0
d1952343-6eaf-4317-ae19-6b48b292ad24_877-17,-6.7758822,-7.9652357,0,0,0,1,1,0,1
a1b38e9d-7225-46ab-ab17-a61b261faa36_1920-36,10.503856,15.252582,0,0,1,0,0,0,0
19f2ea20-5041-4be2-bdc9-714473f16236_2706-11,7.8464737,24.224028,0,1,1,0,0,0,0
5e193b30-3e79-4851-801b-dab99125cd44_2971-00,-7.7680373,-13.764239,0,0,1,0,0,1,0
6c0ca07f-6bb2-4db4-a0c3-5926726493fc_272-36,-10.633667,-3.826212,1,0,0,0,1,0,0
b79c342b-db1e-407e-958a-e1585c6c3ddd_3-67,-11.979571,8.829848,1,0,0,0,0,0,0
71504f29-61c1-49e5-8617-d0e71144c077_652-01,11.590085,6.845953,1,0,0,0,1,0,0
ee3c00d5-9759-43b3-9116-3375227aadfd_15-30,12.992566,20.631254,1,0,1,0,0,0,0
f0041c6c-06b2-4c3b-b8e6-934305b4226e_6185-52,0.8794444,10.9603405,0,1,1,1,0,0,0
a2c3a84e-ae75-4e72-8a52-64511ed67080_919-81,-3.7822196,-10.499257,0,0,1,1,0,0,0
ec85a806-d47f-4555-8c4c-20f59927e580_909-71,16.672464,-1.6695215,1,0,0,0,0,0,0
9a33e9f1-a740-4810-a624-62b0c9935741_831-69,-0.89512104,-18.628853,0,0,0,0,1,1,1
89d8c9c5-fa11-4674-b08f-007f81958555_1391-21,-6.56009,8.425116,0,0,1,1,0,1,0
c7e8af35-608f-4d18-b752-2f3140f5fcc4_772-15,-10.70313,22.904396,0,0,1,0,1,1,0
5cab806a-3794-4578-94f2-33c3093151d1_391-05,8.849104,-7.389823,0,0,0,1,1,0,0
5605bd9a-d151-4d5b-b0f6-cfc28ae6937e_3534-55,22.545403,8.647559,1,0,1,0,0,0,0
9d26362a-4411-4d8b-b114-03f4f89928d7_1156-78,9.839487,-1.8766913,0,0,0,0,1,1,1
a3f1b2f3-0735-4c65-b66e-5c397f3126c7_276-64,-5.412,-13.843582,0,0,1,1,0,0,0
c2071026-add0-4546-8374-b6d04ddd94b1_0-04,-7.2378383,-9.750241,0,0,0,1,0,0,1
622ab8aa-21f8-4ad0-99c3-7f4876850df7_193-96,-2.4794457,13.0157995,0,0,1,0,0,1,0
5aa01f1b-351d-428b-a1be-1f2edaff6a0c_693-84,-9.13586,-6.6727877,1,0,0,0,0,0,0
01d301c9-9dbf-4da2-9181-d66a6688f5e6_817-64,21.634,2.8369122,1,0,0,0,1,0,1
c34effc7-6198-4c85-80c7-c8be85b77dd3_5341-13,-0.17602812,-21.730223,0,0,0,1,0,1,0
cc83fb01-1904-4917-8d11-2fe2c66a990c_5792-18,8.730796,-12.050474,0,0,1,0,0,1,1
99a89af1-a535-477c-88a8-c0830ba33486_1246-37,-23.185818,-14.959539,0,0,1,1,0,0,0
89d8c9c5-fa11-4674-b08f-007f81958555_1665-43,-5.908592,9.410744,1,0,0,0,1,1,0
ed31f134-b3f0-4f50-b8ae-d956b2f9ccfd_2025-02,-2.2882288,-5.852273,1,0,0,0,1,0,1
70c8bd4f-bfe1-4fb5-82ad-7d763cc28935_756-65,9.297108,5.217704,1,0,0,0,0,0,0
f7d99eca-11d5-4d45-8d60-695c3cb2f07c_431-32,14.653657,-0.73268366,0,0,0,0,1,1,0
2dbdd409-0be0-447c-8ae8-3f107fe9af80_1626-43,6.9028444,-14.382353,0,0,1,0,0,0,0
348180aa-c90b-463a-8b3f-0743469a8b59_7126-75,-2.6647053,-15.158757,0,0,0,1,1,0,0
49b14463-2172-4b0e-ad13-fdf9383e9a77_426-72,-0.6750414,0.5107198,0,0,1,0,1,0,0
e623faab-101a-41a6-83ac-8e22b4371aba_1053-43,-13.133145,-7.341512,0,0,1,0,0,0,1
90398a2b-de6b-4232-9bea-149c48cb1326_334-80,13.23942,4.3212643,1,0,0,0,0,0,0
4ff2e551-1ccb-44ce-8b68-09666397f681_554-17,-13.9629,-20.753237,0,0,1,0,1,0,0
a5bd4711-275b-4bbf-96fe-37553e5d3e93_480-52,10.975089,24.378073,1,0,1,0,0,0,0
6e68d2f9-6d37-4317-a3eb-9541321d558e_977-72,14.653073,7.258431,1,0,0,1,0,0,0
17be1d0a-f213-4126-ab6e-08e5c8ee5b93_4479-70,1.254975,-19.83461,0,0,1,0,1,0,0
92153977-6016-4863-be78-c4af25a56a0f_394-80,8.61848,-2.9095318,0,0,0,0,0,0,0
bdeb0df9-2983-41bb-ba27-c431d9ef3163_1772-82,-3.8924217,-1.6004498,1,0,1,0,0,0,0
15c5a595-c577-4b4b-b26a-639517f140c9_1-82,-4.390493,0.0034608333,1,0,0,0,0,1,0
af43394e-d24c-40c2-b03a-f3cdff888370_762-90,-11.751577,-13.813749,0,0,0,1,0,1,0
864618d9-cc17-4e90-8c64-7a1e4ba23d17_294-04,3.9060585,16.91617,0,0,0,1,0,0,1
0d5f2917-e0bd-47cb-b887-1c14c69568f9_848-84,6.609906,6.711587,0,0,0,0,1,0,0
9d2ec4ad-945f-4614-b41f-24260de662f6_1664-30,8.216231,0.5520833,0,0,0,0,1,1,0
d752fc52-9592-4cb5-910b-d09bb39261fd_420-77,-9.375095,21.611452,1,0,0,0,0,1,0
5ab334f2-ecc8-4a05-96f8-4320225379b2_214-77,-0.3909283,14.828778,0,0,1,0,0,0,0
f5accd2a-0799-4345-9e0d-eb8d87a677a4_1449-87,7.7314005,12.726308,0,0,0,1,1,1,0
05d5d7cf-9fb9-4390-bcd3-dd626b948771_1543-50,16.144167,-0.027802734,0,0,0,1,0,0,1
b6ae365a-dd70-42c4-90d6-e0351778d991_416-05,9.997831,5.7512336,1,0,0,0,0,0,0
b9de7a2c-d02e-4d66-9556-381f0b7ca51a_3795-42,18.90998,18.756327,0,0,0,1,0,0,1
214b62df-2fb1-4b0e-af9d-42b0dd37defb_138-53,7.2869377,-20.090681,0,1,0,1,0,0,0
38a66acf-33c8-4ed5-b814-7322087b2e21_2113-44,-20.754904,-6.710667,0,0,1,1,0,0,0
262fd2ec-8eba-44d9-8082-4d0574f7a515_1038-82,-9.215289,-5.707145,0,0,1,1,1,0,0
4209376c-04be-47f0-b905-835fedde4cd0_5602-77,18.26742,16.609978,1,0,0,0,0,1,0
10a848ed-f258-4930-abdd-1fd60b788abc_489-09,6.5730085,17.8482,0,0,1,0,1,0,0
f6da4761-4774-4e05-bb2a-beca6db68f51_4196-85,20.909142,3.304431,0,0,0,0,0,0,0
5ed59c41-af9e-4368-a0ce-30d536d34895_1575-15,-6.888834,17.460835,0,0,1,0,0,0,0
c7da3efd-4a18-458e-90fd-f757ed966a63_380-64,15.636736,0.81374663,1,0,0,0,0,0,0
e402df54-0a64-424e-a7e6-3e68b18a761c_62-43,-2.3825262,0.22622293,0,0,0,1,0,0,0
3455a3f3-1657-46bb-ae42-52d16ec5ffaa_959-38,-17.955421,-7.0372114,0,0,1,0,0,0,1
a12f0a2e-e066-4b65-8603-6754bb73e196_30-04,-2.8313866,3.8672657,0,0,0,1,1,0,0
72c81e60-8604-4897-8cd5-71df5244acaa_1172-93,-20.992004,-4.232458,0,0,1,1,0,0,0
324ec8a1-3bd1-46b6-9abb-a824e53c0879_1801-82,17.149101,-6.5270925,0,0,0,0,1,1,0
86fb4797-274f-4807-848a-8b1ddc5c29e8_808-67,12.176201,20.995575,0,0,1,1,1,0,0
8fafc02a-ef7a-46f4-ae97-b0c68c8bb207_16014-05,-19.198362,-6.150176,1,0,0,0,0,0,0
f51552ce-3d91-448c-8770-9800a6b5aa50_1666-29,2.4889784,18.49388,0,0,1,0,0,1,0
283a15b5-59ae-4f04-9738-bf49c97496a8_102-60,-14.173298,-17.155924,0,0,1,0,0,0,0
0f574f9b-00bc-479d-894b-9e7c999fe13a_302-98,-3.9694335,18.056858,0,0,0,0,1,1,1
6243586b-a8df-4c37-95f8-da7f4f5d57d6_513-82,-13.285034,-13.825645,0,0,0,0,1,0,0
c864505c-9d49-4da4-bf7e-254b4c348c03_191-07,-2.68189,-19.273645,0,0,0,1,1,0,0
18189ea3-00fd-428a-bbae-7549ddd9a97e_803-15,21.577887,4.4879293,0,0,0,0,1,1,0
b3a0d595-d5b4-4e4b-9c52-337053871604_278-40,-11.840497,-7.84671,0,0,0,1,0,0,0
3091004e-8606-417e-8bc2-7922f951845f_73-46,16.851873,1.348992,0,0,0,1,1,0,1
d66f42bb-822b-444a-bce0-ddd15b29bd1b_7-30,-11.278162,21.258812,1,0,0,0,0,0,1
e3f37c38-bf24-481f-b1c6-8d472fab4290_1679-92,12.509883,2.1304913,1,0,0,0,1,0,0
d6f9d174-2d42-49e7-83e4-daa9e8b0aa25_432-24,-16.562973,-10.982567,0,0,0,1,0,0,0
d40be91b-85bb-4c47-ac18-52c4d044e3fc_5905-56,18.732136,17.122524,1,0,0,0,1,1,0
38788778-0822-4c9c-b51e-5bce8a765a97_91-28,-11.68257,-9.4915085,0,0,0,1,0,0,1
b9b65293-fec8-494e-81e7-c4496aafba6f_1524-26,-2.9964554,-12.664393,0,0,1,0,0,1,0
53e92e25-fe03-4311-9a17-c4f6a29ccad1_1365-15,19.157282,-0.3071352,1,0,0,0,1,0,0
6b7fc6db-e979-43a0-b61f-7dced89d423d_347-96,5.485673,-22.311527,0,1,0,0,0,0,0
d1c7b7ec-506e-4c02-b008-8b5aaaf442d7_1891-93,-5.231442,-0.49929175,0,0,0,1,1,0,0
3588502f-e1c1-426c-81d6-6fac28e6c81a_531-41,3.1579006,-4.523518,0,0,0,0,1,0,1
426eb9d9-d4cf-4acc-9efb-979f61a5be91_785-24,-9.913747,24.513454,1,0,0,0,0,0,0
8b82316c-c293-49a7-b401-a3cc026ab1d0_3206-95,13.257021,-11.062361,0,0,0,1,1,0,1
2859218c-84ee-4e85-833f-74255b355032_596-50,10.947026,-0.12375999,0,0,0,0,1,1,0
17be1d0a-f213-4126-ab6e-08e5c8ee5b93_1922-28,0.52418375,-20.38323,0,0,0,1,1,0,0
c34effc7-6198-4c85-80c7-c8be85b77dd3_5200-39,0.8080471,-21.295256,0,0,1,0,1,1,0
fb92d350-9bf9-4b16-8a1f-7858de276226_2190-65,3.7287474,-19.489143,1,0,0,0,0,0,0
ef641454-94d5-4fe4-bf21-710144143967_723-67,5.1973205,-9.663297,1,0,0,1,0,0,0
d0a861f7-3e5c-4836-9b43-29a0b3288165_1279-67,-13.38655,7.3497534,1,0,1,0,1,0,0
0696265e-aba2-401b-9316-c380c30c901e_878-07,-13.116253,-14.569799,0,0,0,1,0,0,1
89d8c9c5-fa11-4674-b08f-007f81958555_227-24,-7.0878563,7.9247766,1,0,0,0,0,0,0
a5bd4711-275b-4bbf-96fe-37553e5d3e93_1659-18,7.623658,19.566126,0,0,0,0,1,1,0
a3c41b4b-6dc7-4e69-b04b-ca30b4f1c185_1014-12,-4.435557,-7.879618,0,0,0,1,0,0,1
fd2ae8b4-b683-4c4b-935c-78b4dadbdbf8_4100-48,3.0873501,-18.21359,0,0,1,1,0,0,0
f0b8d19e-28c0-4d11-bb2d-5c6576eb7dcb_138-10,-2.1450036,1.6316273,0,0,1,0,0,0,0
7b5fafdb-136a-4722-84a4-cffb213a224a_2353-21,12.975326,14.259019,1,0,0,0,0,0,0
59764b58-1523-48b3-88d2-9fc07880e597_1504-77,-13.544537,-10.56093,0,0,0,0,1,0,0
39d1462e-506c-482b-9c9e-a94cffd71563_2316-87,4.7065797,-27.212486,0,0,0,0,1,0,1
c7da3efd-4a18-458e-90fd-f757ed966a63_8-87,-2.113213,19.023848,0,0,1,0,0,0,0
695cefe9-04c0-42fb-80fc-d308b314b788_303-92,-7.0039444,-11.792669,0,0,0,1,0,0,1
348f0f69-cd49-4c00-af91-f1765155e858_1127-21,6.105995,12.394141,1,0,0,0,1,0,0
ce19b572-7341-426a-8c2f-fe067344c98d_1914-35,-15.736533,-19.019974,0,0,1,0,1,1,0
2dbdd409-0be0-447c-8ae8-3f107fe9af80_1697-32,7.6740513,-15.055678,1,0,0,1,1,0,0
eb5cb2b0-59e6-45da-af1b-ba86c7ab0b54_705-79,6.7104397,20.285133,0,0,1,0,1,0,0
cf3956a7-8cc6-4a99-8770-71a15c7e69c7_5040-48,20.322187,17.823126,0,0,1,0,0,0,0
cfa595aa-c467-48fe-a86b-2e9b1a63ccab_1218-24,15.500954,-6.4833655,0,0,0,0,1,1,0
1ce16a97-f614-4660-b21c-4205b33c8bab_1988-77,2.3307023,-5.531803,1,0,0,0,0,0,0
4c9777fc-1997-4dc8-a2d2-ea59c50b32f4_573-78,-3.5899558,22.643381,1,0,0,0,1,0,0
153cd84b-0345-4590-90f6-f66c294db429_799-88,-5.1519523,0.6402106,0,0,0,0,0,0,0
3ae05e5a-f724-41e8-9000-90b7dd31379b_288-48,0.38710564,-2.927315,0,0,1,1,0,0,0
088add57-cf62-4ddd-9908-7eb738b0ec22_2767-48,14.162422,-4.125661,0,0,0,1,0,0,1
68134357-62e5-4f0b-8300-2e661763aeb5_389-26,-10.840559,-8.346504,1,0,0,0,0,0,0
fd2ae8b4-b683-4c4b-935c-78b4dadbdbf8_3860-90,3.7143867,-17.344538,0,0,0,1,0,0,0
93a5f8cb-d7eb-4e5a-9913-77ef1487ce61_3858-22,-4.8813014,22.657198,0,0,0,0,0,0,0
d013010f-fca0-4fc0-9545-500318a8e91f_511-08,0.103914835,-1.1670607,0,0,0,1,0,0,1
069c1058-881d-49da-b45d-b9f7e08fe932_475-96,11.260934,0.56641746,0,0,1,0,0,1,0
8d4adc89-dcec-42ca-aebc-0d05cafa8f26_21-35,-2.0681157,-0.9452074,0,0,0,0,1,0,1
635cb327-1636-4fbc-a9ca-5a7adfc34b2e_0-40,-12.294172,8.055325,1,0,0,0,0,1,1
134d9865-d9ee-47e5-a121-589a26c6b3ba_1586-50,5.1434536,21.488098,0,0,0,1,1,0,0
39af7641-e376-4a99-977f-4d7f746e14ba_79-79,-10.081723,-9.509733,0,0,0,1,0,0,1
6639f53c-701d-4fe7-adcd-55d040ce8afe_0-03,0.51756716,2.6434805,0,0,0,0,1,1,0
df0b81a6-826c-4e9b-8921-392304716c0e_525-16,7.014253,6.7239094,1,0,0,0,0,0,0
ecdc4071-1903-4024-a357-d0082720168e_454-42,13.809506,24.705841,0,0,1,0,1,0,0
792d0000-7dcd-4e6c-a486-7befe397233d_917-53,-18.983095,-1.6700596,0,0,1,1,0,0,0
c23eaef5-7441-42b4-9456-9f5a4a1bd615_11-29,-10.513799,-15.102429,0,0,0,0,0,0,0
d74c95ba-e072-44f8-bb2f-2631379af06d_1057-19,20.077885,-2.9080527,0,0,1,0,0,0,1
d2985e7b-6dc8-4c7e-9aef-40d633895aa0_1413-23,-5.6977887,-11.110289,0,0,0,0,1,0,1
f5778003-9aea-4ca0-9398-69299ba0331c_124-11,8.654935,6.6104193,0,0,0,0,1,1,0
6f7f3410-1e20-4eb2-b7b0-088c1500054b_299-75,-2.0467353,8.893533,0,0,0,0,1,1,0
eabf19d3-4e52-4aee-8f14-5118626a078f_778-52,-6.423836,11.942798,0,0,1,0,0,1,0
9a33e9f1-a740-4810-a624-62b0c9935741_2416-26,-0.9689635,-17.504284,0,0,1,0,1,0,0
d3a0899e-2093-454c-9f65-30087883193a_399-22,7.9535847,14.494084,0,0,0,0,1,0,0
3024e27a-237a-4b48-8ea9-b9b16181eaf1_49-89,-23.142221,-14.990644,0,0,0,0,1,1,1
e6d852dd-2510-482f-ad25-3d731388ea44_105-51,13.845709,22.049639,1,0,0,0,1,1,0
95f2caf6-c6f5-4471-9763-2957e248eb58_588-89,20.433462,17.273829,0,0,0,1,0,1,0
e70f4b34-432f-47dc-834f-5bc6bd67dc62_78-75,20.765038,4.442503,0,0,0,0,1,0,1
3f7f5927-02e7-42ea-a31a-edea41bc17f9_565-60,10.417019,3.1756847,1,0,0,0,1,0,0
214b62df-2fb1-4b0e-af9d-42b0dd37defb_1307-44,5.6969514,-21.084745,1,0,0,0,1,0,0
11f247e0-179a-4b9d-8244-16fb918010a1_1002-90,-6.5450373,0.62365407,1,0,0,0,1,0,0
2a97736a-4fff-4753-84de-e6586a5603cc_2712-24,-5.4315867,23.928703,0,0,0,1,1,0,0
93f78437-229d-4824-a8c1-68d9b17e754d_1063-21,3.631453,-6.0112114,0,0,1,0,1,0,0
85b87948-4578-4912-95cb-addd19cfd31a_1580-85,24.17308,7.318424,0,0,0,1,1,0,1
e00d8164-9996-48ed-8645-bb88ab30cc09_113-51,23.027615,4.777779,0,0,1,0,1,1,0
4651e5c2-4371-4af2-8f05-cb8b0b1ec7fd_233-33,23.906746,5.64428,0,0,1,0,1,0,1
dc4d0940-b35c-4700-af77-5f13bb530ad8_1063-54,-6.723543,2.9948995,0,0,0,0,1,0,1
f77f437c-4e60-43ef-a5e1-ce3881409455_1543-97,-4.591392,-11.021461,0,0,0,1,0,0,1
42d72164-8f4a-49e4-8b95-b3ad423ba65b_81-84,11.856155,-20.003334,1,0,1,0,0,0,0
56da7a14-f3fe-4dd9-9acb-92917603f42c_469-73,-11.858715,-11.298067,0,0,1,1,1,0,0
1106ee5c-8829-460f-8454-c4a8348f5400_10077-91,0.52530754,10.596016,1,0,0,1,0,0,1
af72c57c-b242-48b2-8d00-aea29f4e37ac_1063-17,-9.460604,12.521599,0,0,1,0,0,0,0
8e605fdf-a4f1-4393-975a-f332ab6b5f79_167-81,8.6062,17.691673,0,0,0,0,1,0,0
48d7d009-425f-4d1a-a6a9-a4742bd0d9fe_2349-91,17.672691,2.970837,0,0,0,0,1,0,0
4f80ac6f-b78f-441b-b80d-fa8dd10756c4_471-91,-15.991135,-13.851103,0,0,0,1,0,0,1
e5d2cc2c-0a36-4bad-bf50-bc9347e99eca_1120-59,-13.9345665,-19.07295,1,0,0,0,1,0,1
706de1df-babc-4e54-a310-1d9070140197_195-59,-2.7978165,1.193101,0,0,0,0,0,0,0
d64fb34a-08fd-416c-ac6f-86a0813869a8_437-60,-9.872737,1.5788406,0,0,1,0,0,1,0
c25111f0-0c78-4bf8-a16d-57a6c25c2169_3852-71,-21.468454,-9.490832,0,0,0,1,0,0,1
f1b5ae1e-742c-4802-9e61-ff8aae83e12e_459-05,-13.080557,-2.1885374,0,0,1,1,0,0,1
828ef13f-f52a-4a16-b206-4ec7e471f025_274-71,7.6914015,6.351516,1,0,0,0,0,0,0
40f3258a-f7d8-4b05-8b6a-bd9f8d5b85fb_792-58,-11.999565,-16.273373,0,0,1,1,1,0,0
e9e0f26d-3005-436a-a70f-7d99977808c8_1554-09,-8.174923,14.634666,0,0,1,1,0,0,0
ed027cb2-5b92-4de2-ab58-69d42325ef15_266-43,-15.24623,-10.668529,1,1,0,1,0,0,0
bdd32b96-5baf-4d67-9975-34cdce64b0cc_240-16,19.231504,5.958994,1,0,0,0,1,0,0
a13a145f-920a-44ec-8aef-b489c097f4a7_171-91,-2.3111687,2.3326874,0,0,1,0,1,0,0
0b38da1c-2b62-4c05-a68e-e8f2aafa47a8_1227-10,6.731342,0.7626357,0,0,0,0,1,1,0
be7ede7a-c212-45ff-8601-e15dd2f7e531_1651-77,-9.533138,12.491432,1,0,0,0,1,0,0
434a5651-9901-4b32-b782-d9a2bb52e805_711-02,-6.350271,19.96176,0,0,0,0,0,0,0
e93fdf27-c14c-4794-b4b7-20685b40156f_1304-45,-10.96344,-6.1231904,0,0,0,1,0,0,1
0b530687-26d8-4c9d-9771-c758ecd2ecbf_14604-13,-20.290245,0.052626215,1,0,0,1,0,0,0
dd82f801-fc96-4ced-b066-ad559da3faab_836-46,-4.1346784,10.862169,1,0,1,1,0,0,0
3efc152d-ea0e-4372-b552-7d5e1cf07259_6416-63,-3.0276778,-15.552639,0,1,0,0,0,0,0
ecdc4071-1903-4024-a357-d0082720168e_44-12,11.952021,24.663715,0,0,0,1,1,0,0
b9b65293-fec8-494e-81e7-c4496aafba6f_2296-78,-2.6333647,-12.180927,0,0,0,0,1,0,0
520374ca-09f9-4716-8176-dd289ea7baa9_659-75,12.500969,21.884262,1,0,0,0,1,0,0
dd82f801-fc96-4ced-b066-ad559da3faab_1788-27,-3.5192509,11.018679,1,0,0,1,0,0,1
9632b0a9-cf21-4773-b95b-83aae9a23d0a_630-61,-14.659606,14.974355,0,0,0,1,1,0,1
e1b0b312-ce2d-41a0-be5a-70c807fcc5ef_2287-10,23.439922,3.1686676,1,0,0,0,1,0,0
1acd2d5c-b0d4-4ec5-a54c-6a9c84cb11f6_773-39,-4.98901,-2.5442095,1,0,0,0,0,0,0
54a421d2-763e-4751-a6b4-54e3d6c46cc1_1361-15,-6.151414,1.2842653,0,0,0,1,1,0,1
7c1c5dca-5856-4997-8cda-9fa3bca10a3b_1973-06,15.03028,3.7236848,0,0,0,0,1,1,0
8c075dc9-9c6a-43cf-8c6e-fb1af3624cf0_842-26,-15.2405615,-9.237937,0,1,1,0,0,0,0
e579ef82-c68f-44dc-8b0f-7fe62e20974c_2509-16,9.588683,7.086426,0,0,0,0,1,0,1
34590a11-c136-4423-bdc4-c6a45221e546_565-25,13.002182,6.1224384,0,0,0,0,1,0,0
af400f98-3c57-46ad-acac-eaca6f940180_508-42,-8.068243,-1.8503236,0,0,1,0,0,0,1
14a3d52a-e66c-4a4c-8f71-d86f7199993c_10-64,1.711717,-0.081942454,0,0,0,1,1,0,0
2ac65951-49b0-4629-981e-edc34b8cdb0f_1091-69,-6.1492944,14.025995,0,0,1,0,0,0,0
39208fca-0c54-48e9-b4f3-b4803bb67661_3315-32,1.4531014,-13.713364,0,0,1,0,0,0,1
90398a2b-de6b-4232-9bea-149c48cb1326_984-97,16.382635,3.5798159,1,0,0,0,1,0,0
10a848ed-f258-4930-abdd-1fd60b788abc_345-05,3.364793,16.20195,0,0,1,0,1,0,0
4bf46557-3c5a-4a89-840d-158403590c9f_3687-37,-0.95221376,19.381603,0,0,1,0,0,0,1
38788778-0822-4c9c-b51e-5bce8a765a97_83-68,-9.308241,-9.19705,0,0,1,1,0,0,0
7a680a9a-dd7b-467a-a724-a597f1be9f06_2545-71,2.5114188,-28.238255,0,0,0,1,0,0,1
7b5fafdb-136a-4722-84a4-cffb213a224a_1092-90,12.257395,13.9638605,1,0,0,0,0,0,0
526675a3-acea-4d5b-b5c9-ccb1b89f6e58_421-44,5.917687,0.9908827,0,0,0,0,1,1,0
1a9a07d5-70ad-4e18-9740-66ea985a527b_945-60,19.618208,19.22188,1,0,0,0,1,0,0
a437e059-78be-4894-a7ab-dc27fa16d3f8_9861-81,8.220948,23.093843,0,0,0,0,0,0,0
7c1c5dca-5856-4997-8cda-9fa3bca10a3b_1061-91,13.239403,1.9021275,1,0,0,0,1,0,1
f374039b-7f08-4dc3-af64-4e9ff61db531_2262-81,21.140112,6.8396993,0,0,0,0,1,0,1
2efc9b47-0a23-4247-89a6-db46dae6c998_416-58,22.641901,5.188687,0,0,1,0,1,1,0
c79e05d5-eaf6-4323-a707-744020743037_763-82,16.014534,-5.189567,1,0,0,0,1,0,0
949b2e8a-83f9-4b89-b29b-9e8d81600dd8_2242-73,22.283398,7.012377,0,0,1,0,1,0,0
e93fdf27-c14c-4794-b4b7-20685b40156f_1313-69,-10.716931,-6.6401606,0,0,1,0,1,0,0
0b530687-26d8-4c9d-9771-c758ecd2ecbf_14330-76,-20.15274,-0.3712579,0,0,0,0,1,1,0
1f61d972-e61b-4846-af3a-d09db9f111f8_1079-93,-6.448207,-17.245415,0,0,0,1,0,0,1
eb81442c-a322-49ea-b243-a39d2e288b9b_838-90,5.9416,16.152107,1,0,0,0,1,0,0
45c274b8-54e6-4187-9fd9-73c0b0ada28d_1281-25,-22.734692,-14.83313,0,0,0,0,0,0,1
2dbdd409-0be0-447c-8ae8-3f107fe9af80_1439-37,6.2245493,-15.174258,0,0,0,0,0,0,1
cd1d3c56-69ca-4602-944e-bb9fabb9710b_1865-43,-5.384809,-23.562984,0,0,0,0,1,0,1
a055e4e8-cc07-47c1-a438-06f45c4f724c_2257-57,2.0092814,-2.0340893,0,0,1,0,0,1,0
7b5fafdb-136a-4722-84a4-cffb213a224a_1908-63,12.305706,13.139676,0,0,0,1,0,0,1
5a9ca82c-bb33-4f05-9e08-efd614269566_1201-43,4.0753803,21.539574,0,0,1,0,0,0,1
1f6eb61d-74fa-411e-979c-2e66e71f2b7d_501-62,-11.508078,7.006965,1,0,0,0,1,1,0
73f94b03-b777-481d-b342-10c516f192a2_3-08,-5.0315156,1.7062308,0,0,0,0,0,0,0
fdbe0fbc-90a3-41b9-8898-a0c7ce3f966c_696-68,-2.9173868,12.903166,0,0,0,1,1,0,0
d64fb34a-08fd-416c-ac6f-86a0813869a8_290-32,-8.873991,0.7933629,0,0,1,0,1,0,0
214b62df-2fb1-4b0e-af9d-42b0dd37defb_2020-07,7.706188,-20.05069,0,0,1,1,0,0,0
40b33c95-3689-4ec8-8765-7e926f623b75_726-75,22.491508,-2.3106723,0,0,0,0,1,0,0
b5c3c1e3-7ee7-4b4a-b938-4d008d5aa49b_521-60,-3.0261202,-9.322969,0,0,0,1,0,0,1
42d72164-8f4a-49e4-8b95-b3ad423ba65b_1368-26,0.6648714,-18.993778,0,0,1,1,0,0,0
5c3be03c-07a5-4427-a2fe-449f16e8017b_787-88,-0.6361719,-11.641602,0,1,0,1,0,0,0
ca1773b8-ec8e-4f61-8e8f-7e4211830793_835-99,-21.928028,-10.525723,0,0,0,1,0,0,1
5cf98bc1-012f-482d-86ee-9337d8747dce_1374-50,19.36852,19.147678,0,0,0,1,1,0,1
c00d3596-99db-4ea7-9a65-57ab4319d640_329-17,18.986044,10.904022,0,0,0,0,1,0,0
9b34e344-494d-4664-8180-a8ff2a692ab2_35-55,-0.5067279,-3.0921345,0,0,1,1,0,0,0
22653c79-369f-4a0d-a663-33a1da378fe0_292-96,18.056261,5.362527,0,0,0,0,1,1,0
bbd30b78-137a-4c75-a4e9-b51f62b3f04e_184-26,20.147545,8.988255,0,0,1,0,1,0,1
5aa8f84b-aea8-4e40-b710-82b93875e1ae_422-21,-11.627557,8.023922,1,0,0,1,1,0,1
98fcbc28-9542-4f3c-9a03-73af08fb989d_1063-08,-12.82032,-15.314311,0,0,0,1,0,0,1
d36cf2fd-8916-4b69-b7a2-e9743675fb38_3568-39,-9.550506,22.31329,1,0,0,0,0,0,1
8774b5c6-83aa-43b0-8a51-00f173949944_3529-30,-9.034599,-16.230556,0,0,1,0,1,0,1
4767de01-96e1-4cf4-80f4-1c9d3acd26ed_650-13,-5.6727657,13.10759,0,0,0,1,1,0,1
5f26c69f-6f1c-4041-a81f-3c4808e0a385_156-09,-16.55732,-13.75013,0,0,0,0,1,0,1
5b0225e8-b81b-42fe-aa08-b0732b46c8bd_1082-56,8.986581,-7.3334665,0,0,0,0,1,0,1
449e14cf-f05e-42ac-bb7e-0ba87617f95a_582-28,-8.313823,1.1634226,0,0,0,0,1,0,1
11663dd8-aa9d-429d-80e2-2807b341350e_224-01,-0.38122088,-5.901825,0,0,1,1,1,0,0
c8b61175-cfa4-44f9-a88b-76609ffa4ca3_3008-85,-5.8852224,-10.086772,0,0,0,1,1,0,0
95c0a226-5cb1-4380-af73-db2fcdbdbb76_174-41,-11.994126,-12.843467,0,0,0,1,0,0,1
2cddb76f-24d1-4863-bd91-9a5d1922a543_1368-59,10.675702,20.021385,1,0,0,0,0,1,1
8a0de6d0-5d28-43f5-91e6-48f41eeb3752_1074-03,-0.63130647,-16.411407,0,0,0,0,0,0,1
63d56e4c-e454-48c2-a8f2-5bc2c34622ca_172-69,-14.802921,-11.362225,0,0,1,1,1,0,0
be82ebf1-5feb-4c1b-a71a-f668e3a17726_27-55,-4.957456,-21.49827,0,0,0,0,1,0,1
35b1a8c7-80fd-402f-b240-768926b7bcee_562-55,-2.5228198,-4.2474713,0,0,1,0,1,0,0
2dbdd409-0be0-447c-8ae8-3f107fe9af80_1653-80,7.241667,-14.815855,1,0,0,1,1,0,0
af862b37-12f1-4b55-a1ca-1c162c4f98a0_3380-57,1.1970692,-4.441751,0,0,1,1,0,0,0
49f87e0a-cc34-447e-87ba-209e430aafb0_2852-27,22.45189,-2.4003932,0,0,0,0,1,0,1
1f6eb61d-74fa-411e-979c-2e66e71f2b7d_345-36,-3.183907,-0.19634359,0,0,1,0,1,1,0
e95dbd21-3017-48f5-8f36-46531f053ab1_339-47,-13.931143,-16.154596,0,0,0,0,1,0,1
50c1df1c-e016-472a-b0ac-d297b0c82e87_3264-37,14.158183,1.9172344,0,0,0,0,1,1,0
b959f479-0508-4f1b-96a5-1b17e86af8ce_1110-67,-13.989538,-20.068224,0,0,0,1,1,0,1
e623faab-101a-41a6-83ac-8e22b4371aba_1141-39,-9.064598,-12.12875,0,0,1,1,1,0,0
64049385-6855-4eed-8b3c-ce3e8d704008_1157-10,-9.143335,-18.22698,0,0,0,1,1,0,0
2d01625b-b7c4-41aa-989b-2d0b392d8b54_113-94,-13.689787,-12.301603,0,0,0,1,0,0,1
17be1d0a-f213-4126-ab6e-08e5c8ee5b93_1056-33,-0.81334007,-19.798021,0,0,0,1,1,0,0
1270f0e2-1bc0-4225-bf6e-3dd68c594c8b_1984-62,17.701168,7.6571016,0,0,0,0,1,0,1
db35b386-4c65-4c5e-a488-51b2aa5eb1fb_481-32,19.905563,1.975169,0,0,1,0,1,1,1
033520cd-e7e4-4649-b551-83bb451a4802_382-12,2.362391,-13.821838,0,0,1,0,1,0,0
786877d8-e353-4fae-b488-8d7443646882_883-95,-21.150696,-4.8265047,0,0,0,0,1,0,1
14e96091-4011-4557-95b3-a195fb5c39d8_919-08,-5.398063,-23.560406,0,0,0,1,0,0,1
7a33ca42-9a39-4d59-ba82-c9667c250f48_2200-51,-15.5972595,-5.6531,0,0,0,1,1,0,0
f22115b5-b9be-4e30-8576-7c1fcecec480_21-27,7.871151,11.027178,0,0,0,1,1,0,0
ac8dba37-ce09-4dc5-b478-8194e41353c3_9451-92,17.769697,-4.3450046,0,0,1,0,1,0,1
9fc3678b-86e2-44ab-adbc-9aeda78ceb60_957-19,18.647512,3.2979808,1,0,0,0,1,0,0
e5fea731-7b32-4857-a86b-587eda0ff334_979-09,-3.5532997,19.896805,0,0,0,0,0,0,0
0f3fa455-3622-4fb4-a3be-0c1a7fd697a7_1157-44,-12.77262,-18.262562,0,0,1,0,1,0,0
fb9fda68-f264-465d-9208-19876f5ef90f_63-03,-10.257949,-8.724413,0,0,0,1,1,0,0
18a3840b-7463-43c4-9aa9-b1d8e486fa84_2172-38,7.803386,1.6565374,1,0,0,0,0,0,0
d40be91b-85bb-4c47-ac18-52c4d044e3fc_13523-54,-5.85436,-16.239374,0,0,0,1,0,0,1
ac8dba37-ce09-4dc5-b478-8194e41353c3_748-30,17.522188,-4.370862,0,0,0,1,0,0,1
98fcbc28-9542-4f3c-9a03-73af08fb989d_1376-40,-10.211103,-12.864723,1,0,0,0,0,0,0
d64fb34a-08fd-416c-ac6f-86a0813869a8_494-32,-10.5893345,2.1382923,1,0,0,1,1,0,0
6ef7f9c0-30eb-4280-acc1-55f22f6e2924_2998-83,-9.7689,16.453993,0,0,0,0,0,0,0
744c58f8-9a76-40d4-838f-8c7676fcb316_139-70,22.125975,10.523641,1,0,0,0,0,0,1
513f572f-6d1c-4a8a-8b57-9c1d0aa363f7_1015-09,5.6843953,-0.53696465,0,0,0,1,0,1,0
0f1024e6-ff80-46e2-aea8-3878f11bc1d7_201-92,-8.490223,19.866737,1,0,1,0,0,0,0
786877d8-e353-4fae-b488-8d7443646882_1021-24,-21.880163,-4.6788745,0,1,1,0,0,0,0
2b012751-2e50-4acb-b645-c864930e92c8_1119-28,-5.237798,-12.048827,0,0,1,0,1,0,0
366b71ad-3f35-4704-b6ef-e793c7e73ac6_1040-50,8.652246,18.489977,1,0,0,0,1,0,0
878666b9-5f3d-476a-960f-3a5d02da7619_6890-95,-3.0343459,-16.257423,0,1,0,0,0,0,0
439cfa9c-ef6b-41ba-aa5d-2f40b195b374_1380-00,23.72625,-1.9251403,1,0,0,0,0,0,0
214b62df-2fb1-4b0e-af9d-42b0dd37defb_2181-76,6.611508,-19.68945,0,0,1,1,0,0,0
5ab334f2-ecc8-4a05-96f8-4320225379b2_905-78,-0.4494048,14.838548,0,0,0,1,1,0,0
65d6d7a3-11f7-4472-82b9-527ca04fe25b_633-02,-4.982768,-21.485842,0,0,0,0,1,0,1
7a680a9a-dd7b-467a-a724-a597f1be9f06_3668-06,2.3741899,-28.289581,0,0,0,0,0,0,1
eb2c9739-dba0-479c-81b7-9dda51c4ac20_1465-40,-14.934294,14.751979,0,0,1,1,1,0,0
225a1ffe-3e7e-4ff8-a47e-2e80989077fe_94-47,8.605268,4.5977955,1,0,0,0,1,0,0
fec31c20-1910-4ab1-afc5-6aa3057a45f5_810-30,-11.643081,-5.6433477,0,0,0,0,0,0,1
7c0c0057-3bbc-40ef-a91e-4d6e1a637642_1139-91,6.6734247,0.14272986,1,0,0,0,1,0,0
584fd34c-9bd5-44fd-8266-9d3161d8c790_3302-91,-12.078527,15.582493,1,0,0,0,1,0,1
cd0c7d35-19cf-4ce2-9b40-0209547acde5_1447-25,-15.764509,-8.851658,0,0,1,1,1,0,0
d6f9d174-2d42-49e7-83e4-daa9e8b0aa25_1389-10,-13.497506,-8.810089,0,0,0,0,1,0,1
eb2c9739-dba0-479c-81b7-9dda51c4ac20_275-35,-14.426319,14.918103,0,0,1,0,0,1,1
6fd90f8d-7a4d-425d-a812-3268db0b0342_1001-51,0.8051505,-7.008102,0,0,0,1,0,0,0
3178c414-453e-44e9-b192-67dba2ccc982_1088-81,-11.631463,-17.127937,0,0,1,0,0,0,0
6e4baf27-2090-4a90-816b-a35a0aff0e56_1099-34,20.975275,-3.7837267,1,0,0,0,1,0,0
aad332b0-a437-4bd9-9147-f580bb58c3f5_3472-99,1.6147815,-2.092341,0,0,1,0,1,1,0
b7022084-61ea-470f-b2cd-49be2ecaf3aa_688-07,-11.099849,-19.779646,1,0,0,0,1,0,0
4bf46557-3c5a-4a89-840d-158403590c9f_3598-37,21.178974,0.8071382,0,0,0,0,1,1,0
d6f9d174-2d42-49e7-83e4-daa9e8b0aa25_270-04,-12.335512,-9.658856,0,0,0,1,1,0,0
072623e8-1889-4580-8175-ddc05a3dceb3_11-40,22.489662,2.5116792,1,0,0,0,0,0,0
10a848ed-f258-4930-abdd-1fd60b788abc_788-28,3.4553392,17.386358,1,0,0,0,1,1,0
7836e736-ef0a-40ed-9b77-b4c12a08b236_3090-06,3.4865582,-27.80384,0,0,0,1,0,0,0
c586c267-9ac3-45d5-a9aa-6deab0b9608d_246-72,-1.3866642,-0.48384267,0,0,0,1,0,0,1
53e92e25-fe03-4311-9a17-c4f6a29ccad1_3512-58,16.888926,2.3917978,0,0,0,1,1,0,1
83f18213-f8f8-44fa-b9ce-104c6ddbcd57_1657-94,-0.92555183,-6.7949533,0,0,0,1,0,0,1
ac8704d3-ab1c-4412-a10e-befb387063b2_270-04,-5.1481037,-9.119335,0,1,0,0,1,0,0
053ae0a6-937d-4bdc-8001-d3dfe7899811_1085-52,-11.070122,23.18381,1,0,1,0,0,0,0
bb2297d3-91b7-4ec4-b39b-cc64694929db_0-03,-0.9922749,2.5945718,1,0,0,0,0,0,0
fffbaeef-577f-45f0-baa9-f10cabf62dfb_278-37,-4.8919506,3.1999412,0,0,0,1,1,0,0
42d72164-8f4a-49e4-8b95-b3ad423ba65b_1575-60,0.2279497,-19.640125,0,0,0,0,0,0,0
dced4894-d13a-4222-941b-5e4ecf1e3299_629-13,18.208786,2.0082295,0,0,0,1,1,0,1
110f9870-6b6c-4a20-a3c8-8c2e29c53bb7_1388-88,-3.5517561,-3.0453565,0,0,0,1,1,1,0
f22115b5-b9be-4e30-8576-7c1fcecec480_12-52,7.707413,10.958643,0,0,0,0,1,0,0
a5bd4711-275b-4bbf-96fe-37553e5d3e93_156-00,12.63457,24.413845,1,0,0,0,0,1,0
