item,membership
01111831-9107-43c4-bf0e-6b26e9b32a2b_1351-09,github_only
1042ea39-9256-4593-a4c6-a0d0393da739_524-37,github_only
1106ee5c-8829-460f-8454-c4a8348f5400_1134-19,github_only
156823e7-0339-4f64-9c89-80044fc8b218_782-84,github_only
1626db26-0c74-43d6-a5c2-c1a8fa7b1429_2450-13,github_only
19f2ea20-5041-4be2-bdc9-714473f16236_1915-00,github_only
19f2ea20-5041-4be2-bdc9-714473f16236_4524-38,github_only
1a7e6155-3613-4f55-865c-00e196db0da0_3573-11,github_only
1acd2d5c-b0d4-4ec5-a54c-6a9c84cb11f6_776-54,github_only
1bfe3bec-79fd-4b1b-8738-4d313f3f79b9_548-41,github_only
1e90b2b5-5483-4ecc-b8e0-fb0bf63ccac3_3303-65,github_only
1eee4aaf-a21c-4ae5-82cd-96fdccae6742_876-68,github_only
201af2e0-72dd-466c-8280-8c3dc00a7981_1276-29,github_only
201af2e0-72dd-466c-8280-8c3dc00a7981_602-53,github_only
26192bcd-7240-4d7b-8306-fa4eed0264f2_4935-17,github_only
28ff9118-e876-497c-9901-cb89a62509fc_432-66,github_only
2cc2710e-aae0-41eb-9a70-deb9217bb7ea_3646-90,github_only
2dbdd409-0be0-447c-8ae8-3f107fe9af80_1058-94,github_only
36baa5a9-16bf-4ad6-b011-4d7daae6b8f9_1264-03,github_only
381c4c64-a697-42ab-90ab-a515740bf484_578-95,github_only
3dd08c84-ee0a-4fa6-a859-98fd969ec720_518-21,github_only
3efc152d-ea0e-4372-b552-7d5e1cf07259_14658-02,github_only
3f8dbb4f-ad5e-4d54-bf95-3ddbe968a85d_27-63,github_only
408acdc8-c286-482b-91ba-3fcda24fedc3_1554-86,github_only
43d83207-9c41-46aa-90c9-e30a6194be11_354-50,github_only
48bd6bfb-1322-41b5-9641-20a647976ea8_261-42,github_only
4b5de875-cc82-494e-b768-8ac0ae3bb279_997-77,github_only
4bea2a96-1f1f-4149-8447-766553bbba22_1364-79,github_only
5181422f-0b2c-4a39-af52-b2ca683e5451_1147-87,github_only
5185ad85-6751-481e-8b28-2d93d2e20770_961-05,github_only
5185ad85-6751-481e-8b28-2d93d2e20770_964-94,github_only
564c0350-9fbf-4659-b310-a929fa3c82e4_555-36,github_only
59857657-5cb1-4268-9c8f-ab6cb3c3ad3b_5438-01,github_only
5b0225e8-b81b-42fe-aa08-b0732b46c8bd_1130-00,github_only
5dde766e-e93a-4d48-b3c7-96774f24d39d_560-47,github_only
5f26c69f-6f1c-4041-a81f-3c4808e0a385_1353-30,github_only
6070d9d1-9962-49f3-8ac7-4e29ca07e104_284-21,github_only
67bc312a-3b49-4847-aa79-63ad7d3e4217_554-07,github_only
68a03b86-201f-4935-9847-f2753905f298_1057-96,github_only
69190e7c-457f-489d-9071-c2a9185e4853_144-34,github_only
695cefe9-04c0-42fb-80fc-d308b314b788_330-48,github_only
699b47de-9fc5-4b98-ba35-ecf79886a8db_1850-50,github_only
71024373-484f-4270-82a4-2251997f3a9f_44-61,github_only
75141dec-d6b3-4e2e-a144-5a126abf7dac_584-16,github_only
7f5ed6e1-aca1-40d5-87c6-d156c5f02263_222-42,github_only
82e96128-1242-4e57-8a3e-9ea222df022c_3457-40,github_only
8a431195-083a-4e07-a99d-28c2591beaef_13-09,github_only
8dd6490b-6291-4793-b05e-79250f87925f_396-12,github_only
8dd6490b-6291-4793-b05e-79250f87925f_402-15,github_only
8e748fd1-e30e-4bf6-a04f-5f570ca075ac_351-84,github_only
952d5295-06f4-4578-929b-4113e4ff9201_792-75,github_only
952d5295-06f4-4578-929b-4113e4ff9201_808-38,github_only
969866a7-2393-4bca-851a-885ddd7f627d_2129-17,github_only
97eaf9ae-9b92-493d-a555-4fcdb7c039a1_1485-95,github_only
9d26362a-4411-4d8b-b114-03f4f89928d7_1588-24,github_only
9e579570-0541-49d6-bf0e-35483e949296_653-37,github_only
9e9c5b05-c7d4-450d-9850-e6ae83caa9a5_3282-52,github_only
a055e4e8-cc07-47c1-a438-06f45c4f724c_2341-22,github_only
a2f25985-0589-42ca-af57-58930079dfb9_7290-57,github_only
a32e3749-3ec6-4865-b5f2-067d05c04190_1229-02,github_only
a437e059-78be-4894-a7ab-dc27fa16d3f8_7188-07,github_only
a49bdcc8-8f23-445d-bae0-8d9e5c4d9c63_1749-02,github_only
a4bbdddc-c222-4535-a616-57ccbc8f9b9e_5519-45,github_only
a5bd4711-275b-4bbf-96fe-37553e5d3e93_1416-31,github_only
a8197601-7474-4cb0-8d08-e8a8febcecfc_13-71,github_only
b0a30641-ad93-4d6a-92a9-f277c78f1aa5_112-83,github_only
b57a2268-9cac-491d-b737-ad8dc28b15fb_2224-77,github_only
b68f87f0-29be-4516-a34a-dda69dd84a56_471-46,github_only
b6bee905-eddf-4b41-bfe6-d57c9059fe61_1128-22,github_only
be462bcf-13ad-446a-8dfb-248cb2e3417a_825-06,github_only
bff1d1da-957f-42ea-8c98-61eaca98b5f1_1049-58,github_only
c25111f0-0c78-4bf8-a16d-57a6c25c2169_10881-80,github_only
c34effc7-6198-4c85-80c7-c8be85b77dd3_1620-55,github_only
c34effc7-6198-4c85-80c7-c8be85b77dd3_2128-22,github_only
c34effc7-6198-4c85-80c7-c8be85b77dd3_2681-98,github_only
c5270067-6c25-45f2-b63a-1a55b85020ad_568-80,github_only
ca22ace6-2d0e-4e0b-98d4-60544e5af4d5_139-96,github_only
cb8df5e7-af5c-4211-b779-0568f94c7ded_1890-31,github_only
cb9de2c6-ff1a-48e8-b170-047e9471b588_1100-53,github_only
cb9de2c6-ff1a-48e8-b170-047e9471b588_884-63,github_only
cbc5c4fe-ed66-4525-a3d8-d691064db66b_545-69,github_only
cbfeb6c8-ec1f-4884-bcbf-14d7764c4a36_0-01,github_only
cce59bcd-0ebc-463e-bbb1-094186a6ed8d_36-05,github_only
cdaee0ff-a9ab-4935-91a2-45042d55b39c_353-27,github_only
d0a861f7-3e5c-4836-9b43-29a0b3288165_550-69,github_only
d27c5c7e-db9c-48f4-bea5-9970078d352e_90-20,github_only
d6e0bff0-9501-4750-b97f-95f134f6618b_781-93,github_only
d6f9d174-2d42-49e7-83e4-daa9e8b0aa25_64-13,github_only
d8c7bf34-0440-48b3-bf22-263d7c926074_109-23,github_only
dced4894-d13a-4222-941b-5e4ecf1e3299_663-36,github_only
dd0aa717-59d8-4d8a-9f11-21be827fb184_600-81,github_only
dd82f801-fc96-4ced-b066-ad559da3faab_124-35,github_only
dd82f801-fc96-4ced-b066-ad559da3faab_1757-91,github_only
de37a11d-1dcd-4f5b-9054-155093b3a073_8700-46,github_only
df630387-82c6-4c90-95e8-6ba558c907a2_202-79,github_only
dfd0bc0c-28fc-4302-9a75-77df6c53ab31_658-80,github_only
e14bb000-250b-4f3d-aec6-e72d4f29d123_977-37,github_only
e2a1583d-7460-4d02-ac29-6968f16812c3_338-61,github_only
e6fdec5a-21e1-43e8-b662-9376538394d5_3510-00,github_only
e7752106-8e0c-47b5-a639-e701e659718c_740-06,github_only
e9343bd2-cd48-4abe-902a-3d3f6a0b51d8_1795-21,github_only
eb20bebd-41e5-4a02-aa7e-73d3da5bc97e_70-42,github_only
ecdc4071-1903-4024-a357-d0082720168e_295-94,github_only
eea4b231-055e-4c4e-8f95-8dd043601da6_1144-34,github_only
f330e671-6ad4-49d4-8d59-e2493119ac43_8211-68,github_only
f965d286-b521-402f-9a0e-c73b49e9806e_1758-84,github_only
fa35a547-13b5-4355-873c-322c1860349a_166-55,github_only
fab481c0-842c-4536-9126-9dc375464685_728-84,github_only
facdbd7a-da79-48bd-9bb0-c866f675699b_1484-63,github_only
fb9fda68-f264-465d-9208-19876f5ef90f_887-23,github_only
