example,item,gold_answer,options_answer,options_correct,options_confidence,description_answer,description_correct,description_confidence,frames_answer,frames_correct,frames_confidence
1,3ae05e5a-f724-41e8-9000-90b7dd31379b_288-48,3,1,0,1,5,0,5,4,0,4
2,d74c95ba-e072-44f8-bb2f-2631379af06d_1057-19,3,1,0,1,3,1,5,3,1,5
3,98fcbc28-9542-4f3c-9a03-73af08fb989d_1063-08,4,1,0,1,5,0,4,5,0,4
4,48d7d009-425f-4d1a-a6a9-a4742bd0d9fe_2349-91,1,2,0,1,1,1,2,1,1,4
5,6fd90f8d-7a4d-425d-a812-3268db0b0342_1001-51,4,2,0,1,4,1,5,4,1,5
6,0b530687-26d8-4c9d-9771-c758ecd2ecbf_14604-13,1,2,0,1,2,0,5,2,0,4
7,03ca4970-374e-4901-9895-81f262c0da5c_817-27,2,4,0,1,5,0,5,2,1,4
8,af43394e-d24c-40c2-b03a-f3cdff888370_762-90,1,2,0,1,5,0,5,4,0,4
9,2dbdd409-0be0-447c-8ae8-3f107fe9af80_1626-43,3,3,1,1,3,1,5,3,1,5
10,cf3956a7-8cc6-4a99-8770-71a15c7e69c7_5040-48,3,3,1,1,5,0,3,5,0,4
11,2ac65951-49b0-4629-981e-edc34b8cdb0f_1091-69,2,2,1,1,5,0,4,2,1,4
12,620d3087-c6fb-4b08-bb6a-4dc4ede3b994_1607-58,1,2,0,1,1,1,4,2,0,4
13,348f0f69-cd49-4c00-af91-f1765155e858_1127-21,1,1,1,1,1,1,3,1,1,3
14,1270f0e2-1bc0-4225-bf6e-3dd68c594c8b_1984-62,1,2,0,1,5,0,4,5,0,4
15,be82ebf1-5feb-4c1b-a71a-f668e3a17726_27-55,2,3,0,1,5,0,4,5,0,4
16,01d301c9-9dbf-4da2-9181-d66a6688f5e6_817-64,4,4,1,1,2,0,2,4,1,3
17,be7ede7a-c212-45ff-8601-e15dd2f7e531_1651-77,1,1,1,1,1,1,4,1,1,5
18,eb2c9739-dba0-479c-81b7-9dda51c4ac20_1465-40,2,1,0,1,2,1,3,5,0,3
19,38a66acf-33c8-4ed5-b814-7322087b2e21_2113-44,3,3,1,1,5,0,4,5,0,4
20,38788778-0822-4c9c-b51e-5bce8a765a97_91-28,4,4,1,1,5,0,4,5,0,4
