before,after,from_answer,to_answer,count
options,description,1,1,2
options,description,1,2,1
options,description,1,3,1
options,description,1,4,0
options,description,1,5,2
options,description,2,1,2
options,description,2,2,1
options,description,2,3,0
options,description,2,4,1
options,description,2,5,3
options,description,3,1,0
options,description,3,2,0
options,description,3,3,1
options,description,3,4,0
options,description,3,5,3
options,description,4,1,0
options,description,4,2,1
options,description,4,3,0
options,description,4,4,0
options,description,4,5,2
options,description,5,1,0
options,description,5,2,0
options,description,5,3,0
options,description,5,4,0
options,description,5,5,0
description,frames,1,1,3
description,frames,1,2,1
description,frames,1,3,0
description,frames,1,4,0
description,frames,1,5,0
description,frames,2,1,0
description,frames,2,2,1
description,frames,2,3,0
description,frames,2,4,1
description,frames,2,5,1
description,frames,3,1,0
description,frames,3,2,0
description,frames,3,3,2
description,frames,3,4,0
description,frames,3,5,0
description,frames,4,1,0
description,frames,4,2,0
description,frames,4,3,0
description,frames,4,4,1
description,frames,4,5,0
description,frames,5,1,0
description,frames,5,2,2
description,frames,5,3,0
description,frames,5,4,2
description,frames,5,5,6
options,frames,1,1,2
options,frames,1,2,0
options,frames,1,3,1
options,frames,1,4,1
options,frames,1,5,2
options,frames,2,1,1
options,frames,2,2,3
options,frames,2,3,0
options,frames,2,4,2
options,frames,2,5,1
options,frames,3,1,0
options,frames,3,2,0
options,frames,3,3,1
options,frames,3,4,0
options,frames,3,5,3
options,frames,4,1,0
options,frames,4,2,1
options,frames,4,3,0
options,frames,4,4,1
options,frames,4,5,1
options,frames,5,1,0
options,frames,5,2,0
options,frames,5,3,0
options,frames,5,4,0
options,frames,5,5,0
