item,Safety,Privacy,Proxemics,Politeness,Cooperation,Coordination/Proactivity,Communication/Legibility
5605bd9a-d151-4d5b-b0f6-cfc28ae6937e_2980-56,-6.4032646394730985,-16.003483617252975,1.7567483324517061,-15.97192741844314,5.166942701410746,-2.599801881689161,-3.7893277859073207
36baa5a9-16bf-4ad6-b011-4d7daae6b8f9_641-91,-1.4492539329988197,-10.426511775884846,3.802747904585063,1.0640024587984072,-5.343733460025519,-9.113841145858945,3.084322277677821
d1a27322-8acd-4297-9029-db45af8d7cc2_34-04,-8.238503260695396,-8.51299856929774,6.840356340977722,-1.0426773561886904,-2.5201800184108065,-6.515396263218628,-6.8220346436694275
624a6c0a-a4cb-4073-b501-48e4b6b679e4_1105-28,6.879318445501366,-9.077990584709527,-12.30115594901433,-7.483735631646891,-3.6337629433643124,-6.994036556045098,-10.700179625882553
ed027cb2-5b92-4de2-ab58-69d42325ef15_1281-72,-18.58930813670959,-6.387773576698127,-6.290526108540771,-6.844000338631795,3.5906804838050035,-1.300537507153253,-3.2629976409798878
fb92d350-9bf9-4b16-8a1f-7858de276226_2422-37,-10.155415212360605,-4.512772204871675,2.9293994815543893,6.757387197685915,-2.3912096267241005,-8.320980511610204,-6.101109934970092
fb92d350-9bf9-4b16-8a1f-7858de276226_32-25,3.3427818151908184,-3.292931112494858,-4.2894924594213935,-1.7225245574519619,-6.209820358810365,-4.680675467488048,-2.8851009317710767
356661f5-767b-495d-95c7-03dcc46f85c6_1860-68,2.3508949672480357,-8.862005871906828,8.724301426346566,-19.11375094984667,-3.121090193763738,1.462831400050944,-11.772430185599125
2ec3c123-0a04-46d7-97d5-8b85b5e6d06f_1372-45,-5.041393279501005,-10.126464730870667,-4.027490968324687,-3.0633628493496605,0.08726850461340258,-4.247637995120684,4.068263933263445
620d3087-c6fb-4b08-bb6a-4dc4ede3b994_2651-56,3.492451358270415,-14.423309667248818,-10.751317895307686,4.810044435653127,9.533951419476363,2.2300427453350773,-8.424692694569657
375ca7e7-1e3c-4159-9f7f-4691ef11f322_68-87,-11.543139186773981,-5.425950462110865,0.7633886340253464,-4.691977083406925,-4.3372245414129,-0.3286935796662851,-4.56969322419482
083b7556-9dff-40e2-9fad-bef3f82dbf37_34-58,-5.117840939009612,-6.845534280279343,2.978188159441104,-5.739451980287517,4.601970213813887,-0.7268662387825415,-11.286378482324547
a8197601-7474-4cb0-8d08-e8a8febcecfc_997-91,4.314970933483125,-7.667261468383793,-0.902642960615849,-10.135105610017758,-4.03065964307706,3.768308859212784,-4.641900280596086
7c4f8ef4-c126-46b7-8fa9-1b2daf5b41de_2272-79,10.101195060454282,-8.272121953794336,-7.344849277641972,-6.8540144802615846,5.075879342539859,-5.998518274585853,-1.2218173783712611
a437e059-78be-4894-a7ab-dc27fa16d3f8_6791-07,-1.5051925575746625,2.6137631580122545,11.315650216527153,-1.7723437616564175,-1.1387250918686829,-3.0164463973722886,-6.710640303261929
307b1878-875f-4703-bfe9-32d11d20853f_32-44,0.18915931991391055,-13.928008549680062,-0.1966633720827291,-4.274434077476606,2.1837608048150496,0.11787762047914985,-8.85298248515871
b1543ea3-e86b-4545-9195-f1bf83e02b41_4163-19,-4.077824668275956,-9.898961900849486,2.04977330027559,-3.0615762040456236,-0.22114527016169314,0.8326313917500898,-0.8431533488256813
5cab806a-3794-4578-94f2-33c3093151d1_433-69,0.5253137213843457,-11.855578047506745,-0.11089985817002246,-6.172806289908252,4.931800802686075,-3.0592617092676373,2.113044505735187
5e193b30-3e79-4851-801b-dab99125cd44_3348-61,-6.954577712290001,-6.731089208680171,-3.5057222822046596,1.1034176283223411,6.284995031618007,-20.873928685128494,-12.383006577748692
b5c3c1e3-7ee7-4b4a-b938-4d008d5aa49b_644-73,1.574337823986503,-4.387773549617515,-7.791332771852012,0.01685847800566065,-0.47832473305170425,-9.340302597039852,-2.0660826757916038
8b82316c-c293-49a7-b401-a3cc026ab1d0_2095-46,-0.29208488823315415,-9.066257898915826,-3.6453617226159034,-9.723351676755502,-2.744880617750073,-0.6549894172113335,-8.918743271092671
1c983176-b07a-4a69-ae51-de7829de6b6a_261-56,-4.59402418394747,-2.471190520145411,-0.5895634820425171,3.073698219077168,2.68409884920494,-1.2264245623673635,4.270419751631458
f0041c6c-06b2-4c3b-b8e6-934305b4226e_3757-69,-4.5889949474503124,-1.4542753098133927,8.244328118020047,-6.03015421274894,3.2345079721325045,0.42585317490492614,-5.336924323538282
6b7fc6db-e979-43a0-b61f-7dced89d423d_229-56,-6.581705261041996,-5.853953585161571,-14.478091521753631,11.832094973468843,6.5409565769467655,-9.437742989885017,-3.0463324590222527
a4375d98-e295-4e7d-a718-d8af066e3d57_1708-23,2.3293448850562357,-12.317635412352804,-4.738999280916012,-0.20541910465588042,-4.834372666789606,-3.7680565642889086,-3.831411291410531
19f2ea20-5041-4be2-bdc9-714473f16236_5269-91,9.50019767390009,-11.122969056241843,-3.55376880526489,-7.2187703005199975,9.090207564401116,-1.7092132807607374,-13.744506383407858
fb8a0650-986c-4c08-9d97-ac432cca424e_70-34,-0.061301166952349107,0.7736081712771394,3.8232118215620465,-3.7309016262143198,-4.248433667671362,2.341304052573684,-4.210162037238712
820d4b9e-6fba-472f-aa45-25b27241d4af_366-20,6.433647892001729,-6.6165074394279575,1.1252770036762523,-13.13286800088541,2.0351555180387484,1.3899915323086356,-15.171644521726387
9a732221-3adb-4903-b61d-9b8097965fbf_2751-77,-7.312225734874983,-11.942109245871315,-5.0078552247841195,4.841622251264413,2.169101461192869,-5.262053460115139,-2.5639683671350446
750c5383-58f6-4063-8cc8-50691a68994d_562-01,-8.782560204777628,-8.71936817825355,6.143352648796507,-7.0154335347990795,1.2579366608870939,-6.1183447285404,-2.395662459511727
24c447b6-094f-49a6-9c20-ed594ab0da65_0-04,0.44830678116208844,-14.868858325138083,-14.454250248728997,9.658777835194359,1.9850455013978858,-3.8532169176558755,15.039398317506143
2dfec7b6-c8b0-4cd0-baf6-4a963aed1d6a_1906-66,2.1152410233815973,-7.372444995626786,8.876327851682374,-14.01327350655075,2.0511872978141157,-6.291175394998785,-9.815585577827239
2dbdd409-0be0-447c-8ae8-3f107fe9af80_989-72,-1.606466824593576,-5.12506701822101,-3.387148261989819,-1.2780163082526872,1.103649712319057,-2.7154510598940327,-0.6174740944269055
82e96128-1242-4e57-8a3e-9ea222df022c_2985-80,-4.52472416193838,-7.305060052849639,0.2907378354213419,-2.39142199113184,-2.1185640659920364,-9.763111748786553,-3.6117538069267936
5ead8e7c-2600-44b1-afd6-b82cb5f7b9ce_567-35,8.27855755098447,-11.164438189572738,0.1164478634718189,-12.595449379233319,-6.544200038713941,-4.2292319390421245,4.229462158485717
20525d50-586a-4792-bfdb-fd941ee64ea9_547-93,-1.6188074599046773,-8.974746095332605,-1.8934680739161522,-0.46116457150451806,-4.150655668616723,-6.242489303588056,0.632875027419936
6fc30ceb-ace8-49f8-8244-71f14c6d773c_936-70,12.709757565938757,-4.1609888527446595,-7.588091514075681,-1.6793649964500068,4.885400703638729,10.349184143966884,-10.98283422378861
d8936caf-0142-4ceb-bacc-70313a19f169_694-31,3.098425567158719,-10.21814905950658,-2.382977043424283,-3.349950249936231,5.613373704152526,-3.864844747362225,-5.735577543977078
2893d559-89cb-4125-a761-3ff8e68768a9_638-82,-1.434400252479846,-8.367441570785113,4.892003747947623,-3.482268283386287,-4.563331964885102,-2.3312513444601457,-7.773023490205938
261edec2-f089-4a74-b25f-ddf32c92f90c_801-93,-3.3759435830989406,-8.954317673542056,-2.505680620258432,-0.2250512575620598,-7.844954802728699,-2.7765465150819346,4.432350184416544
570fc280-231c-4a3e-99c2-12eefed1c122_925-58,-3.452451852299498,-9.003862580915731,-14.545172232507724,6.677891782410735,-2.204319035132676,-10.673208825540529,0.5061478855246699
d3980f7e-2ef1-4b2b-b73a-2a7db7465660_452-63,-8.745080634605024,-8.076899158432058,3.572474316038181,10.150344048446296,-15.140970190821081,-5.690988128134347,-11.717526631836161
75ee5afa-d891-4653-ac4c-d81db1a90af7_32-52,-6.114404922972059,-13.895150780840773,-3.4916252770590055,-0.8598442455094886,4.836813085367447,-5.5635132846131246,-0.49610978853549703
944aacb0-f596-460d-b5a6-9ae05df1d430_3528-77,-6.287378823071023,-2.5130862534990017,4.414516620029449,-9.619284448571952,-0.4145335877275698,5.422104009438622,-1.5103881460730508
63e9e643-25c5-435d-b6f0-0aab1af76e68_28-98,-8.441042027235795,-19.580390946110015,-11.762767004920672,6.593302039432627,-1.6582922369123783,-3.0509590988521227,-7.484447085589089
03ca4970-374e-4901-9895-81f262c0da5c_817-27,-0.19808846813761516,-5.498798470156544,-1.2024935480415826,-5.3806460261737,-3.4723342832015915,-5.0223434632583555,-4.848124346133861
10a848ed-f258-4930-abdd-1fd60b788abc_75-21,-3.3786151816623864,-2.040359819873858,2.6625889678491936,-1.3217020327594282,-0.9408483258331286,1.6304663000469901,-11.971913821147247
1a50cd38-dda2-41d0-8a6f-294f17373d97_2829-22,-2.150628109706171,-18.131255276847163,-3.8268920315246135,-1.0392344983874873,2.4895909333828588,5.759735278036867,2.404051343500384
170fb6c9-8550-4e82-bb9a-4ad574c0f0fa_7137-29,2.0199237244190327,-0.10769443469164308,-1.9586584939574294,3.3380496375726243,-5.223995336015419,-4.69461965212536,-3.658616870190712
262fd2ec-8eba-44d9-8082-4d0574f7a515_3000-11,-0.6349549674147204,-11.837803781566787,-6.763877021847131,-9.40274400069593,0.8562597236022512,-11.01287624222826,6.029273175927372
2dbdd409-0be0-447c-8ae8-3f107fe9af80_163-46,-6.950697232313746,-5.490843606071933,0.7560217172614454,1.7445676026582349,-3.6966429880601264,-8.250236006441781,-4.429044258826696
af400f98-3c57-46ad-acac-eaca6f940180_3131-59,-5.780904367359817,-7.07625862369198,2.4092202423071694,-8.619946661515492,-8.205749615550749,4.518458420965914,-1.0081957264215136
d64fb34a-08fd-416c-ac6f-86a0813869a8_275-80,-8.155468995051299,-4.214409014671324,7.069085313617559,-7.973077890719665,-2.578500777010828,-9.089850581888065,-8.01091459374053
caa17bb0-2b04-49b0-8ccc-38b2803a3b1f_26-31,5.822381867513885,-8.719830887234732,-5.257465025816341,7.224295723471425,2.742377488982418,-2.6235645489073254,-12.132789439313553
48d7d009-425f-4d1a-a6a9-a4742bd0d9fe_2561-43,-0.5821069811284927,-18.71144966175232,-1.4308322831372844,-8.609941257701827,5.703690488775139,-5.71955880982183,-0.8900639555606142
963c1ecc-d25e-4c0a-b447-9b26f3778efc_207-31,4.908777786895518,-14.484488095013697,-3.712828650434411,-1.1568162762049583,0.7323207002666743,-11.935738888373036,-7.128286021201854
9531cee8-0f60-4a68-8243-397ab7670a75_270-43,1.9818038279729415,-15.580985882838796,-0.35185737832792485,-4.799186623346833,-1.3809135485805928,1.9148778728146647,-2.3365653053471913
3b021bad-6945-4be2-a7db-44af3db1eae8_2667-18,-12.050697840574152,-8.144299423995871,5.451308614621145,4.965759164873235,-4.186862689906418,-7.276075936379051,-4.762710708099791
620d3087-c6fb-4b08-bb6a-4dc4ede3b994_1607-58,4.585091955498793,-11.033520185570937,-5.379599584455443,4.530798335852857,3.000281978499537,-0.6735622110109962,-7.526743166801464
a71f72c5-5225-4b12-aba3-01fa46f53427_914-96,-8.089532921276431,-8.938629320141802,5.832463799472866,-8.016596066089814,6.3522692369757685,-1.808328583336706,-8.324767753723808
ed792c47-5cb3-427c-a0e9-5dac33456e6a_1026-89,-4.144890453221836,-9.095628565464187,-7.7210174059348295,-3.6815845926441773,4.752711198435248,-16.126344652518604,-7.3777376888882085
8b89d35d-5e19-4240-b45e-7a692cf962e3_392-22,1.0953816002153967,-13.824277463130425,-11.313285287065,-5.60866491617686,-2.745573233452654,-10.268191802427083,-2.3438196029992535
baf15309-e865-4e9e-9efd-09097f1d5a43_412-45,7.816423335190335,-5.947951418256943,3.9386141322052235,1.59956527248126,-5.3297040293133655,-4.87441350880802,-5.448402170003019
49b14463-2172-4b0e-ad13-fdf9383e9a77_284-00,-1.9793328620623203,-2.0650096473049038,5.797773404945002,3.600435673661307,-9.299935858076935,-14.57254629781714,2.240105792843195
04b2f7a8-1d95-43c2-8b3b-8053b22dda52_810-37,-10.308378457313564,-13.420052290848663,12.809172059856333,-7.042384339038664,0.9544405484784169,6.699443357958191,-24.563119483154463
fd2ae8b4-b683-4c4b-935c-78b4dadbdbf8_3041-68,-5.57938107632839,0.5165488146002613,0.46333321756344414,0.8476284258950226,-1.6529585809839733,-12.587202031754689,0.7754662471877456
92153977-6016-4863-be78-c4af25a56a0f_1117-24,-3.4067011449976925,-9.952156245301076,-5.045378077142178,0.8011639866552054,-6.373964181327122,4.215419719979012,2.1144781139354154
600e392c-4be6-4b8b-bef8-e789ce3d8915_3230-09,-7.4561344735622885,-1.9836002288999648,1.2498676623529414,9.8556477848236,-3.7064791310535816,-3.1105781575397837,1.8695879761378293
ec02ed27-b697-44b0-ae18-a9275205bfee_9-72,-0.16815580746989767,-8.17426523678808,9.888338321031725,-10.326600009156058,-11.799025414826108,3.56302918675327,-17.79494074965948
abca0171-5e73-426e-9ba1-49a6339b2ef5_1825-89,-3.1549452304678187,-10.701211541548647,-2.6321048693612945,-1.541643168146806,0.08094942464250238,-7.673855057069609,-4.4648342880508505
470499d1-e015-4d45-a858-ca3e9566085e_961-34,-20.238939436634823,-5.282428638939733,-2.1703047588863162,8.850976457358355,3.7966414899920324,-4.28664233399994,4.540390462053805
8ed40810-09cf-4061-953c-9fff6e6d6aeb_122-51,-0.4782441921014393,-8.510672530481095,-3.607886610326581,-4.395584037355035,-6.511893281619695,-8.101390480393734,-4.537646098539685
1ea95f25-81f9-46b1-b7a1-c4ca58251c6f_1089-87,-3.465259207814123,-5.014700444900306,-5.305776311663786,-7.654988947460639,3.425550299191969,1.8823772881510479,-1.77829176852309
1eee4aaf-a21c-4ae5-82cd-96fdccae6742_761-92,-5.271866836256018,-8.399901422400209,0.18875065374472033,0.22064137837679443,-5.989231692080708,-2.049080854944478,-1.4780896366890377
44327c5e-9442-4334-b675-8019df3678af_2165-30,-9.314019209127542,-3.9954246588173783,-7.446345746123807,2.5649374541003915,9.73475610744025,2.401454679589438,-2.442234284304453
4de25e28-5a34-4fbe-bc83-200d513b4d9a_1123-59,-6.470355533162575,-3.3716546247019634,-6.201021777270381,4.948663918306794,-0.7687211075779417,-12.61890147818766,-1.7769431593600022
ad851441-1f15-467e-83d8-48c764e220a8_975-45,-2.8953663962666476,-6.746859618106025,-2.0142601581872386,-1.4477658472927835,3.9710207430299467,-3.159718897708846,-3.3937922199909183
4c64e0d9-72f4-427f-995d-112ef1a2b7a1_210-26,-3.7643155081525608,-3.632678761504362,2.7525682962201046,-5.504359166165521,-6.979371267151803,-12.290266303754095,-7.444361825579973
10a848ed-f258-4930-abdd-1fd60b788abc_294-40,-14.32163401372938,-2.9915108759095395,1.1575433799075268,10.074983380009392,-5.367278420234784,-10.127526933641049,2.2703722558031276
99f41d39-cc65-4aad-b186-23b66e282f19_68-52,6.042560542800601,-4.710932420129299,-2.324303213493632,-5.796999729808801,-10.940930405292919,3.1652749765923476,-8.708391771593718
e6d852dd-2510-482f-ad25-3d731388ea44_141-52,7.458491599527337,-11.376353970212886,-1.8729645230825445,-7.016698119864222,5.910857744193028,-3.2352882593294146,-21.959801042218963
261edec2-f089-4a74-b25f-ddf32c92f90c_1105-51,8.340256715682779,-13.775839535426591,-7.697426104342052,-11.539595798801704,-6.46973559363254,-4.9846451856355385,1.9562725371386285
c34effc7-6198-4c85-80c7-c8be85b77dd3_5294-07,-3.107793643957187,-7.427400010125156,-1.0446976812083992,0.46310376479286,0.11816799025840521,-3.8711496860174357,-4.952469384153086
e402df54-0a64-424e-a7e6-3e68b18a761c_242-70,1.6454713793952251,-8.065573762484401,-7.789276624390446,-9.986389859929602,8.355165224295446,-9.82866986787279,-6.341235510822139
d1952343-6eaf-4317-ae19-6b48b292ad24_877-17,-15.18057322057234,-6.411383283984979,-2.6623955984326453,3.349811854427839,-3.281389281404853,-7.039935878533777,2.1949905627198514
a1b38e9d-7225-46ab-ab17-a61b261faa36_1920-36,-4.103138779611066,-12.981929984968508,-2.2462610136772696,-11.04632649985591,5.769807940949787,2.3417482198813606,-1.5081326341674424
19f2ea20-5041-4be2-bdc9-714473f16236_2706-11,-0.23925849545054234,-6.946154861842772,-1.3050435287949167,-5.356564969101766,0.30270584510271975,-3.9267750912799957,-5.903854610979259
5e193b30-3e79-4851-801b-dab99125cd44_2971-00,-4.049909402807658,-8.439302790364291,0.0339023342689897,-13.936733968579738,0.0031010421386489795,-6.4594188226491145,5.420834806693222
6c0ca07f-6bb2-4db4-a0c3-5926726493fc_272-36,-5.904421859022522,-5.156457935068753,-2.8350500463438504,7.979453674549809,-2.754788197350703,-9.090361941153738,-9.769819352563268
b79c342b-db1e-407e-958a-e1585c6c3ddd_3-67,1.3751042219278906,-7.321080929364947,-10.506992415308437,5.956247133852674,3.604004345452049,-4.740982346105178,7.519326231398923
71504f29-61c1-49e5-8617-d0e71144c077_652-01,7.41273989601097,-14.514831916907799,-17.012138856980993,-9.592187684278223,-7.8724948540368045,-12.302454241164178,-4.601734826652335
ee3c00d5-9759-43b3-9116-3375227aadfd_15-30,2.994962179087998,-10.629529456644569,-8.438356193686879,-9.6259397786594,-0.13821259291654256,-1.9326095909378562,6.391586269283376
f0041c6c-06b2-4c3b-b8e6-934305b4226e_6185-52,-8.370169466521272,-6.194290635834935,-1.9159419443036239,-6.671008819700566,0.4262528390427636,4.387544492977752,-1.0096791376017178
a2c3a84e-ae75-4e72-8a52-64511ed67080_919-81,-5.858806252865234,-11.143735088798,-7.859899980186759,1.4787850231732507,-1.6792663832735952,-1.481067130346093,1.7390315103801686
ec85a806-d47f-4555-8c4c-20f59927e580_909-71,-6.923534215109763,-15.374477215023665,-4.94816679089532,-1.0222764616266977,-0.9646291419252802,-4.4643279717245345,2.876778223284173
9a33e9f1-a740-4810-a624-62b0c9935741_831-69,-7.819763620116158,-2.760920272184933,0.4912269470218069,-1.1206645774025756,2.172844421845704,1.6183128256130477,-2.0398838128542436
89d8c9c5-fa11-4674-b08f-007f81958555_1391-21,6.378449798152968,-7.857555953960384,4.803685955781656,-3.241823551284872,-3.81527944363258,-5.1842172747635304,-7.505070120530669
c7e8af35-608f-4d18-b752-2f3140f5fcc4_772-15,4.53718430238035,-14.049456273770257,0.8625611939442734,-4.0570960679746015,-3.1093922505582863,-5.459911879065489,-8.960665050082554
5cab806a-3794-4578-94f2-33c3093151d1_391-05,-0.8053442715173489,-4.6875313985188765,-2.1388050231113485,-0.8024843834715678,3.277744244711908,-7.242152191529872,1.8471745974566702
5605bd9a-d151-4d5b-b0f6-cfc28ae6937e_3534-55,-4.669399206983228,-28.27484743899204,-3.3798317260370374,-10.243417752614413,4.199626550056205,-6.012768562150085,-1.699848152173208
9d26362a-4411-4d8b-b114-03f4f89928d7_1156-78,5.210673087567448,-12.141900484083248,-7.351548614809567,-6.338494873916787,-2.1585428327212206,0.764775454588329,-12.172576023327917
a3f1b2f3-0735-4c65-b66e-5c397f3126c7_276-64,5.521465793965322,-8.982577252677274,-0.6173278552574968,0.5946229456282084,-2.43367681829054,-14.782727441518347,-13.892609228059197
c2071026-add0-4546-8374-b6d04ddd94b1_0-04,-1.1870601444984001,-4.316489256326793,7.141504222398419,3.7293247221235717,-0.8593474158308725,-6.541904248987306,-2.8820812026461256
622ab8aa-21f8-4ad0-99c3-7f4876850df7_193-96,9.380385418530196,-8.450786012044261,-0.5306124335227029,-7.402703589101787,-8.779302913241173,3.244057625327174,-3.8604588107546216
5aa01f1b-351d-428b-a1be-1f2edaff6a0c_693-84,6.320240942450916,-9.409593587508965,-4.697539069866625,-4.534056974955853,3.877059894431346,-8.52390797570114,1.973453272613264
01d301c9-9dbf-4da2-9181-d66a6688f5e6_817-64,-1.5369337616912038,-16.164405952751046,-3.3067895283553073,-7.188715010545659,0.10481612311416663,4.084562573242628,-6.765456213155208
c34effc7-6198-4c85-80c7-c8be85b77dd3_5341-13,-2.008808076923648,-4.792170219857136,-5.7861853084066475,0.6936238507221164,3.6651715138309178,-3.9191040477804764,-4.371821551627779
cc83fb01-1904-4917-8d11-2fe2c66a990c_5792-18,-8.372955758893331,-6.832715761808805,9.934092495521659,-1.042432059913212,-10.961869998065376,-18.02446905898564,3.9367606826909847
99a89af1-a535-477c-88a8-c0830ba33486_1246-37,-6.2811145460445905,-3.903999030688947,-5.091882504092242,-3.04391015666516,-3.8385376342848803,-2.5531184770113873,3.6698508410503985
89d8c9c5-fa11-4674-b08f-007f81958555_1665-43,14.68000610628376,-11.272771175709089,-3.943989024300453,-0.7009951331847293,-7.4934800913775605,-14.480240674552121,-8.777297435544861
ed31f134-b3f0-4f50-b8ae-d956b2f9ccfd_2025-02,-15.962928558896728,-7.144664393712307,-1.6592346434453367,2.883407516028083,-3.826572140883953,-5.344489013067762,-0.2740680968721039
70c8bd4f-bfe1-4fb5-82ad-7d763cc28935_756-65,-5.775287423800984,-10.838213084749658,-8.698626385942676,-8.623118963396925,0.27190632377487534,-11.481102586495435,-9.489837352425713
f7d99eca-11d5-4d45-8d60-695c3cb2f07c_431-32,-1.1920450052263734,-8.35003684124445,-11.917856465060977,-0.2855761806796888,-10.07605243442707,-4.060398909478278,-7.031262061085973
2dbdd409-0be0-447c-8ae8-3f107fe9af80_1626-43,1.6432961482997452,-6.360634293930918,-0.0048353978849964285,-3.7070712634135052,-1.2278790469504073,-8.7044365439058,-1.6994925352366241
348180aa-c90b-463a-8b3f-0743469a8b59_7126-75,1.6380246259217137,-1.3919641582451412,-9.794367696749857,-2.7632448985868736,-0.911213321864158,1.209301353859765,-4.007534932634668
49b14463-2172-4b0e-ad13-fdf9383e9a77_426-72,-6.22891019969562,-10.105511346008097,-2.3226559958402913,-5.084718052282009,3.4341612395124166,2.638762584151803,-5.896664634747422
e623faab-101a-41a6-83ac-8e22b4371aba_1053-43,-2.0332834136452846,-15.342010448348095,-3.984247564626062,-0.8643349662246047,0.2931192453981113,-9.785079811420442,-7.182979189063495
90398a2b-de6b-4232-9bea-149c48cb1326_334-80,-1.3588853071178235,-15.462773100824354,-9.402922403157577,-6.631545267305798,8.348359173964454,-3.7736657635600603,-3.824228303565805
4ff2e551-1ccb-44ce-8b68-09666397f681_554-17,-9.47988439755801,-7.5994196345537715,3.4461616031335174,-5.423558093036397,-7.261836597812384,-5.4249773977815705,-4.802890657232433
a5bd4711-275b-4bbf-96fe-37553e5d3e93_480-52,3.562710400734316,-11.517211897787796,-0.09946648788281287,-5.470891932424355,10.993072995892966,-12.761429481391062,-10.20178608069332
6e68d2f9-6d37-4317-a3eb-9541321d558e_977-72,-4.607175078447002,-16.095090491864962,-7.381922328767766,-1.3978418243057245,5.562091695197633,1.1353714747681485,-2.0894257888445673
17be1d0a-f213-4126-ab6e-08e5c8ee5b93_4479-70,-4.530714065996578,-7.48829960830826,-0.9813681588351388,-0.9784392251430487,-1.8885213223726394,2.7478586776206706,0.865144878575451
92153977-6016-4863-be78-c4af25a56a0f_394-80,2.2074231840810925,-10.788444665118242,-9.302319381051747,0.1358667298885594,1.2880878690567958,1.0211459505004528,3.1928642002201824
bdeb0df9-2983-41bb-ba27-c431d9ef3163_1772-82,-7.443038124473782,-9.482632142563704,-1.67932765141347,2.3595037441356044,-1.983280611666453,-5.031055373462697,-5.395751695551482
15c5a595-c577-4b4b-b26a-639517f140c9_1-82,-3.7486756102165564,-8.53669713388634,-0.33094817269347665,-0.887771719078486,-1.6577850630054274,-6.51347138269408,-4.126551156504419
af43394e-d24c-40c2-b03a-f3cdff888370_762-90,-4.3343043054363095,-3.118694967912747,2.882144836611743,-2.594616171003676,5.36040166816738,-6.378852740958371,-8.497695129972444
864618d9-cc17-4e90-8c64-7a1e4ba23d17_294-04,-1.813047082836997,-5.317295971984219,-0.5473381726072226,-6.28753203738775,0.589187524463558,-2.5589463470936815,-3.209374790480289
0d5f2917-e0bd-47cb-b887-1c14c69568f9_848-84,-1.9049831635912717,-13.360448193501435,-6.903112013915546,-6.271553962584466,10.4236113774227,-0.606378376529269,4.355710948484855
9d2ec4ad-945f-4614-b41f-24260de662f6_1664-30,-4.29873828807741,-4.788660889407859,-11.355364332975237,-5.315461287783023,3.4659464744090056,-0.020700496566427695,0.7924752461522893
d752fc52-9592-4cb5-910b-d09bb39261fd_420-77,1.6824944839289522,-12.7517201988133,1.28377754218904,-10.363099506427316,-0.7868898307752064,3.4956443843613885,1.8049665073063514
5ab334f2-ecc8-4a05-96f8-4320225379b2_214-77,-7.637480270796321,-4.43832460211,12.16142106071173,-0.9556562678425666,-4.189507980412247,6.113249619017636,-15.989135620602761
f5accd2a-0799-4345-9e0d-eb8d87a677a4_1449-87,-0.23871968961032763,-8.819058306654389,-10.576022365639139,-9.778241229866747,2.979969927509083,-8.447083481902611,-13.253749880388874
05d5d7cf-9fb9-4390-bcd3-dd626b948771_1543-50,6.671043170040846,-9.885239252958234,-5.057641332053526,-4.017046262076861,-4.748496695239423,-5.655601509654534,-1.544200265938794
b6ae365a-dd70-42c4-90d6-e0351778d991_416-05,1.3067865864230424,-16.580489973721733,-4.106928252680111,-4.288903747933288,1.563213164018875,-9.569291942720344,-10.288396927401813
b9de7a2c-d02e-4d66-9556-381f0b7ca51a_3795-42,0.05043038594850957,-9.718825855871147,0.23273835758393924,-0.8309112756192203,5.246026141655101,-3.1063250266872067,-8.84125387606227
214b62df-2fb1-4b0e-af9d-42b0dd37defb_138-53,1.1275570086631546,-2.657009485577955,0.9777519165661475,0.7954064461852708,-1.541479084470477,-8.807683130458157,-2.668722173760777
38a66acf-33c8-4ed5-b814-7322087b2e21_2113-44,-12.264210784417104,-8.34535436528966,-0.3412651445366097,-1.209338261654417,-4.059448871811943,-4.485010034907912,1.0043871945954361
262fd2ec-8eba-44d9-8082-4d0574f7a515_1038-82,-4.673731380260744,-16.06041623525043,-12.369424505417822,-0.2430286064124565,-6.780971841249432,-5.569245127618505,9.853117089876605
4209376c-04be-47f0-b905-835fedde4cd0_5602-77,-3.0527933332193986,-11.738235512618534,-5.8972202130298985,4.111771540101415,-4.316494092453133,-5.384952242522665,5.584082435687671
10a848ed-f258-4930-abdd-1fd60b788abc_489-09,-4.355017012798093,-1.2691706496223167,-7.297841399030547,-2.2949720655130963,-1.437283267984828,-7.491481397808505,-3.155156328859162
f6da4761-4774-4e05-bb2a-beca6db68f51_4196-85,-11.872422739521092,-15.876665470726284,5.944966989037251,-9.730366551589249,6.03273988586392,8.012725320779445,-5.1534763202111815
5ed59c41-af9e-4368-a0ce-30d536d34895_1575-15,3.3274156560306,-10.348321475532899,-2.7058903107873453,-0.8767172208889893,2.7652518805591075,4.265903810404429,-13.161044984797828
c7da3efd-4a18-458e-90fd-f757ed966a63_380-64,-3.7023709604918302,-13.653770365999632,-3.889182851239184,-0.5838088771970298,9.569833397308926,-0.6101830229417327,-8.086288007047235
e402df54-0a64-424e-a7e6-3e68b18a761c_62-43,-0.201933999720318,-11.439989163731823,-6.450002615880423,1.9264094332932946,6.203166481707153,-2.4671069582982,-4.563699782478869
3455a3f3-1657-46bb-ae42-52d16ec5ffaa_959-38,-4.546299034942625,-5.099066387433764,-0.06692265521227547,-3.8387486975641525,0.6074901116656483,-8.502757022796414,-2.639395827263253
a12f0a2e-e066-4b65-8603-6754bb73e196_30-04,2.837932484399016,-4.514668258871409,-18.067244246566222,-18.817333307956353,11.414440997212147,-6.8467553372931675,1.9640565140930248
72c81e60-8604-4897-8cd5-71df5244acaa_1172-93,-9.79452612344869,-2.657276105327897,4.862508239827075,-2.8924247118707567,-4.124358419081013,-9.976999570195584,1.556234419386564
324ec8a1-3bd1-46b6-9abb-a824e53c0879_1801-82,-16.616942419874814,-3.908103419061538,6.058040501600969,-8.19569801222131,-2.2040440513028154,-0.8304209006038259,1.5075199108567583
86fb4797-274f-4807-848a-8b1ddc5c29e8_808-67,1.5180264688141945,-12.069733755473681,-7.953331206319048,-8.058995013093696,2.6680631925932246,4.796835262375908,-0.30579787565564676
8fafc02a-ef7a-46f4-ae97-b0c68c8bb207_16014-05,-7.362949659165233,-4.715784421210042,9.399997055952593,-1.5044734383687826,-6.746376117328866,-13.58734517076909,-5.3343785582279395
f51552ce-3d91-448c-8770-9800a6b5aa50_1666-29,-7.226415259534267,-2.0811441245096063,7.017774686757637,-2.0282060719021016,0.4260242906325035,-0.3275115746714512,-6.097581500864983
283a15b5-59ae-4f04-9738-bf49c97496a8_102-60,-10.764666725621282,-11.99081761723631,-5.418834893058003,-3.0846177834880044,2.0875544221617743,-4.869045493641028,4.634025681658839
0f574f9b-00bc-479d-894b-9e7c999fe13a_302-98,8.660849284806691,-9.467154397623656,1.65629889768761,-7.511013983493262,-9.832267861963857,-5.956556509843912,-3.25139937185192
6243586b-a8df-4c37-95f8-da7f4f5d57d6_513-82,0.491201595880431,-11.11767714387155,2.3618995295566703,-1.1371760996760683,-5.141757780963311,-7.451380392861652,2.9469668078799303
c864505c-9d49-4da4-bf7e-254b4c348c03_191-07,-2.4409896261295367,-13.457315482202022,5.600024632771949,-9.327518854100736,2.84136245169522,-14.011812836794672,0.541588013368834
18189ea3-00fd-428a-bbae-7549ddd9a97e_803-15,-2.3414408378204397,-14.052667824093291,-6.579862045134932,-6.080383176581256,-0.8060086101432119,-1.5956592934522127,0.43272612731723514
b3a0d595-d5b4-4e4b-9c52-337053871604_278-40,-4.8450732202209625,-17.746669732332215,2.7036347817159765,7.4600748172993026,-9.800863261585585,-5.688290133283164,-7.8402574511507925
3091004e-8606-417e-8bc2-7922f951845f_73-46,4.410863564738676,-12.123630841132993,-11.258404249240069,2.7528648464601093,6.542069356270856,-6.8879834962153526,0.6502896709646171
d66f42bb-822b-444a-bce0-ddd15b29bd1b_7-30,-5.343953016403567,-9.259259518041809,-11.40355760216405,7.082409176021445,-2.793518315479791,-0.7237372878514998,5.432352916984142
e3f37c38-bf24-481f-b1c6-8d472fab4290_1679-92,9.819931217328032,-15.025828854482931,-12.608506448212152,-5.3504798035429015,-0.03278257966184214,-6.49350170923997,-0.48321562058281264
d6f9d174-2d42-49e7-83e4-daa9e8b0aa25_432-24,-2.701785171018918,0.48972183390952573,1.5728834543541215,3.6438260500253263,-9.03581843876076,-4.486960847192082,-1.0455573926633996
d40be91b-85bb-4c47-ac18-52c4d044e3fc_5905-56,-5.4322571406824744,-15.874124392484578,-1.8407050951221164,1.1577196599602164,-4.385088563467419,4.73100131271542,2.2459204284168153
38788778-0822-4c9c-b51e-5bce8a765a97_91-28,-4.421583924473515,-8.989962851923362,-5.157816134926646,6.7016661015086205,5.697850012296859,-9.533004607733687,-5.10121530301524
b9b65293-fec8-494e-81e7-c4496aafba6f_1524-26,-1.8991719904494417,-12.11482248763896,-8.336385831904636,5.6016580652795955,-7.182897682564677,-12.23342762336399,-2.257248963850329
53e92e25-fe03-4311-9a17-c4f6a29ccad1_1365-15,3.086740474312644,-11.437977816635978,-8.693249531412823,2.7405877619774732,3.8723323767290307,1.8902242661390387,-8.479328109914125
6b7fc6db-e979-43a0-b61f-7dced89d423d_347-96,-3.913593320356337,-8.466004611284662,-16.587248181244533,12.183790063131926,1.6421319380136863,-10.35414775918548,-0.9444185553545275
d1c7b7ec-506e-4c02-b008-8b5aaaf442d7_1891-93,0.6552042181682287,-9.004081708197797,-13.21688763902047,-8.41752956573933,12.886855546944465,-4.187370217766737,2.3284844135444493
3588502f-e1c1-426c-81d6-6fac28e6c81a_531-41,-5.395254831591032,-12.517168708548358,-2.4093801589681116,-2.6016483757369446,1.2779943744619071,-0.4707021150410995,-5.597475078605381
426eb9d9-d4cf-4acc-9efb-979f61a5be91_785-24,3.380880509068012,-9.532668276723689,3.662966208493269,-1.984268405734953,-3.3455459922383692,-10.910812607009035,1.3636534760901151
8b82316c-c293-49a7-b401-a3cc026ab1d0_3206-95,4.641969347320794,-10.031002760338938,-8.55368666163504,-7.286647432944885,-11.50540064963517,-4.949414912639158,-5.874235141254138
2859218c-84ee-4e85-833f-74255b355032_596-50,5.418105459338882,-12.321776959271617,-3.101311129247417,-5.6929001275399305,3.585142906397197,0.33701281366244507,-3.3737813946187765
17be1d0a-f213-4126-ab6e-08e5c8ee5b93_1922-28,-3.300502562062079,-4.536433549487085,-1.3747618222259796,-0.7761543784201412,-3.833379860893514,4.2940911906522325,-2.5093528426041694
c34effc7-6198-4c85-80c7-c8be85b77dd3_5200-39,0.9584952874907189,-5.674825880714004,-5.761546700771046,-2.5109398892318238,2.040257373065431,-4.279066275954332,-1.2665267779693612
fb92d350-9bf9-4b16-8a1f-7858de276226_2190-65,-4.967362717780083,-7.121015006163452,8.61549169339629,3.147476095171695,-5.475601570494065,-9.606793334289623,-7.2955464864185195
ef641454-94d5-4fe4-bf21-710144143967_723-67,-1.5826000831622036,-0.09491176114141986,1.0418874601947454,7.590748241660389,-1.3251829601177136,-3.789922061158051,-12.672508353464353
d0a861f7-3e5c-4836-9b43-29a0b3288165_1279-67,-2.5447569224358415,-8.605500899139248,-3.034917978033798,-0.7842811035061277,2.752789265250335,-0.4100281709393565,-6.578455043780524
0696265e-aba2-401b-9316-c380c30c901e_878-07,-3.1233654617455118,-10.879675440045594,1.4156755985120033,5.060725033590842,2.7331932794327316,-4.809322155538409,-2.2731367415578934
89d8c9c5-fa11-4674-b08f-007f81958555_227-24,12.631146158711264,-11.664309900238653,-1.5392812983929578,-1.7707966575460627,-0.22215855767965278,-7.7770896088768335,-4.6696607145577795
a5bd4711-275b-4bbf-96fe-37553e5d3e93_1659-18,2.4516412036476973,-18.537999611241194,-1.2958234007363085,-6.919095914094062,4.84935500517397,1.9661539022516665,-4.3543323470549815
a3c41b4b-6dc7-4e69-b04b-ca30b4f1c185_1014-12,-17.386986411270403,-2.137173050858239,-6.648929370749355,1.8926862926326726,6.467753413224114,-6.37019870396764,-2.6215922643843714
fd2ae8b4-b683-4c4b-935c-78b4dadbdbf8_4100-48,2.8660632467671996,-7.696441163474763,-7.279393517753764,1.6491898432661545,5.916000258815896,-2.4082182022821277,-4.529643728920153
f0b8d19e-28c0-4d11-bb2d-5c6576eb7dcb_138-10,-2.3612708504757576,-12.53634855669468,-1.2253849837490405,-12.055299499521539,-0.35424258578625994,-0.8477551580944582,5.691372763555565
7b5fafdb-136a-4722-84a4-cffb213a224a_2353-21,-1.1615076924691916,-12.418161604406475,9.498199174295593,-9.677624950615435,-4.981882759384195,3.561563143692207,-13.155739078150434
59764b58-1523-48b3-88d2-9fc07880e597_1504-77,-9.115685481496161,-7.9734567714070055,-2.796877404390874,3.149863994354235,1.3839193926525375,-9.249556861999295,0.7449834965173991
39d1462e-506c-482b-9c9e-a94cffd71563_2316-87,-0.7578281963064617,-4.974945940128325,-2.493514980159846,4.3928168066567395,-6.522846460998086,-4.7485419662143125,-1.8741915352977065
c7da3efd-4a18-458e-90fd-f757ed966a63_8-87,-0.07380401571403672,-15.387501750190182,-2.9995324035209645,1.2590756196498414,5.428567011630526,-6.064392135168292,0.5519353718865134
695cefe9-04c0-42fb-80fc-d308b314b788_303-92,-12.378453670674624,-1.4775536620941754,-2.623190080051473,3.9973886092836444,5.670625672979067,-6.3633495144921,-2.2914753755951125
348f0f69-cd49-4c00-af91-f1765155e858_1127-21,-3.6276410885693973,-16.72605945787018,0.14738232357657122,-8.72097828334694,-6.174112809543493,10.099272080709376,-13.370187628454083
ce19b572-7341-426a-8c2f-fe067344c98d_1914-35,-16.418536571833165,-3.621960876396926,6.421175415377966,-3.9209623563145053,-1.3971602402285623,1.8215929774135011,-4.230102704657471
2dbdd409-0be0-447c-8ae8-3f107fe9af80_1697-32,-5.804358117514189,-12.470812225284648,7.0030070483436715,-1.317095950557244,-3.448928946831933,0.9235254038072318,0.19016740293091638
eb5cb2b0-59e6-45da-af1b-ba86c7ab0b54_705-79,-2.097552360527196,-6.689795198034732,0.829648991563297,-3.0144732205941827,14.182892991955566,-9.357852957183892,-8.560926556042391
cf3956a7-8cc6-4a99-8770-71a15c7e69c7_5040-48,9.95440596648849,-7.6739325857525476,-7.111664272117144,4.737978420284783,-3.1292353105796824,-9.184640875584114,-9.76196970946195
cfa595aa-c467-48fe-a86b-2e9b1a63ccab_1218-24,-1.107135721584057,-10.826684559095872,9.223069077596985,-2.734858180992504,-3.1485120720094852,-17.743886949470454,-2.498778950708411
1ce16a97-f614-4660-b21c-4205b33c8bab_1988-77,-0.49594296811631544,-11.507524210950004,-2.2296254680880327,-5.563000014075391,1.930093924546459,0.9428142832516695,-11.856985156599462
4c9777fc-1997-4dc8-a2d2-ea59c50b32f4_573-78,-8.097958825735972,-7.583877024553296,2.8384949408589515,3.6658494122593486,-4.801089623172212,-6.2292715575906366,1.6606181541632608
153cd84b-0345-4590-90f6-f66c294db429_799-88,-2.4356939100690678,-8.639156667471601,-11.025055513021021,-13.838928663578967,11.775369565036216,13.0301717959906,4.681066538463474
3ae05e5a-f724-41e8-9000-90b7dd31379b_288-48,-1.2364195541452183,-11.081244761323891,-0.9035336688401703,-0.08075983371884154,0.6803206604692111,-1.2067338482434549,-7.0797208717517615
088add57-cf62-4ddd-9908-7eb738b0ec22_2767-48,2.011502427067417,-7.820582739390222,4.137676570308395,-13.830541748006839,3.71133365253569,4.164997234413069,-6.516902231665348
68134357-62e5-4f0b-8300-2e661763aeb5_389-26,-4.871212091727442,-13.996118981734071,1.9121101063653905,0.10557285025550689,0.2530668700520608,-6.663145315034958,1.3577635267641943
fd2ae8b4-b683-4c4b-935c-78b4dadbdbf8_3860-90,-2.8091587623549503,-5.86855944015872,-2.2180585444263254,3.1235501641644223,-1.3701635751324934,-12.052001711904996,0.9998303655793843
93a5f8cb-d7eb-4e5a-9913-77ef1487ce61_3858-22,14.438704055637334,-8.893825454024618,-9.607403488168641,-7.8432264205006295,5.635781779990222,-5.1320016818065115,-7.331823734451853
d013010f-fca0-4fc0-9545-500318a8e91f_511-08,-1.3062152870030819,-4.3232458455127745,3.2060088107379996,-4.603598626997708,-2.568323914152151,4.571876136213008,-13.668866693708337
069c1058-881d-49da-b45d-b9f7e08fe932_475-96,-4.692895695104031,-5.0976750165932545,-1.433979955342457,-12.118315786784207,4.387315264364879,1.5132803667172494,2.404889745450061
8d4adc89-dcec-42ca-aebc-0d05cafa8f26_21-35,7.79279151803116,-7.101852689208767,-2.1878183000934994,-11.946076559781778,0.3938307839227276,-6.248185020188723,-3.9774185266908515
635cb327-1636-4fbc-a9ca-5a7adfc34b2e_0-40,1.6539934039293476,-15.54763769016013,-5.401675888696451,-8.35835166151421,-1.2935677047756955,-5.185354577436468,-1.95641776712792
134d9865-d9ee-47e5-a121-589a26c6b3ba_1586-50,-6.340683459268581,-10.948905388735852,-1.6752882537873173,-4.093795130609573,-7.3892714008035965,-12.282984099082672,3.2866366211320823
39af7641-e376-4a99-977f-4d7f746e14ba_79-79,-0.9821367258169666,-9.438882734141929,-0.7076436515960753,2.484648557932803,-3.795165010120027,-5.4798869370323375,-0.47122073133338827
6639f53c-701d-4fe7-adcd-55d040ce8afe_0-03,5.048413427639413,-11.23211905735931,-5.09905780196329,-3.8695476652385157,1.4732928037642132,-9.703317974727051,-0.6795841944844327
df0b81a6-826c-4e9b-8921-392304716c0e_525-16,-6.471025421821777,-15.541500401621368,-9.138487743095064,-6.293000502925166,-2.7429456631347673,-6.71369718089087,0.4076036173984643
ecdc4071-1903-4024-a357-d0082720168e_454-42,2.4300806234801766,-5.839922159019151,-7.298102723885544,-9.233286192060453,7.9012596717714425,1.0484396260952002,-5.336291880039925
792d0000-7dcd-4e6c-a486-7befe397233d_917-53,3.4970737524618425,-9.535506803409412,-11.38447850292821,-6.133279510454349,0.34913195397839386,-12.956230135978977,-9.346196636511282
c23eaef5-7441-42b4-9456-9f5a4a1bd615_11-29,-11.441879127172358,-9.094396724398203,6.010232620402916,-4.801914925900329,5.582194830423344,-3.2138754365017297,-5.916104212813755
d74c95ba-e072-44f8-bb2f-2631379af06d_1057-19,4.2530202431219655,-16.2407192727905,-1.6708028800193109,-9.508007806510557,-5.766858202379234,-4.083856849471819,-13.315221743930476
d2985e7b-6dc8-4c7e-9aef-40d633895aa0_1413-23,-8.292103997083437,-6.654003747553961,-0.5562537829085445,-11.517597957579031,2.413826971623389,2.1712662775861302,-13.449963105396897
f5778003-9aea-4ca0-9398-69299ba0331c_124-11,3.534812543928143,-11.281828013481071,-10.906447362492152,-24.100564699097202,-0.8765530803715701,1.1029343413543922,-1.0794381033331342
6f7f3410-1e20-4eb2-b7b0-088c1500054b_299-75,-2.2739646603336183,-8.857398705300575,-2.987976223916789,3.8948050418105997,-1.1800188263269462,-1.976030794470541,-3.2203515756675367
eabf19d3-4e52-4aee-8f14-5118626a078f_778-52,5.029378467678076,-7.9787569391942235,-14.453468440313891,3.0349462505125575,-3.3396246846690634,4.426586699197151,-2.901396545627112
9a33e9f1-a740-4810-a624-62b0c9935741_2416-26,-3.576118575712709,-8.644260111240644,3.2903646985664414,5.811506350109353,3.383536045200576,-0.3044722180196109,0.5275823924762926
d3a0899e-2093-454c-9f65-30087883193a_399-22,-8.249860982489427,-14.248319345723356,-3.0048118971747204,4.199650072418514,-2.0620013940509136,-0.5833421592835819,8.864472634712714
3024e27a-237a-4b48-8ea9-b9b16181eaf1_49-89,-7.559049322223515,-8.599715628651355,3.783276321586655,3.2202585867839253,-7.018918093125068,-14.32242309033202,-4.931603970333793
e6d852dd-2510-482f-ad25-3d731388ea44_105-51,4.15529038272261,-13.460060334866869,-0.14492869228267447,-4.022839944249538,1.1995819941256498,-3.2980921572442554,-20.293957201992423
95f2caf6-c6f5-4471-9763-2957e248eb58_588-89,-6.827696632183152,-13.767745165438647,1.9860662530739446,-3.4924012294588875,-2.561199517266737,0.11058751313495829,0.3539726915219399
e70f4b34-432f-47dc-834f-5bc6bd67dc62_78-75,-3.368468990251454,-19.81106424211162,-1.2159868454091394,-6.810141440375589,6.043907915910569,-1.4523775297822126,-3.458782906190322
3f7f5927-02e7-42ea-a31a-edea41bc17f9_565-60,0.9484255971672937,-14.650368567714779,-10.081601014635055,-7.3478507376724185,-1.3372595023341842,-3.713847585222529,-9.168293142100406
214b62df-2fb1-4b0e-af9d-42b0dd37defb_1307-44,-3.28642751043071,-1.4473203968939794,-2.5142004863017835,-2.585685695583339,-2.680274995268237,-9.096155167702813,3.288448596824201
11f247e0-179a-4b9d-8244-16fb918010a1_1002-90,-2.606163339177534,-5.572624934280164,-1.3093191787363796,-5.480558475487221,-2.5401222675644357,-5.788349888877894,-9.775656550059402
2a97736a-4fff-4753-84de-e6586a5603cc_2712-24,1.65964937533106,-13.825507556873,-6.38313784183382,2.202052254186011,-13.54723590382411,-5.225300599849108,5.179190853330985
93f78437-229d-4824-a8c1-68d9b17e754d_1063-21,-2.701501985326588,-9.296722177557648,-5.4538727123104795,-14.886050996859646,1.7523052433820647,2.283372093317742,-9.966297098389802
85b87948-4578-4912-95cb-addd19cfd31a_1580-85,-1.0077493394401786,-17.16957143203698,-0.6079304709840176,-17.77414438371691,5.05294865742306,-5.308013453929012,-8.528748817794886
e00d8164-9996-48ed-8645-bb88ab30cc09_113-51,-2.3949646757525884,-17.225612746738165,-2.6763306669887976,-10.42095530753321,1.0489875474425032,2.061413814651334,-3.2821644422146137
4651e5c2-4371-4af2-8f05-cb8b0b1ec7fd_233-33,-0.9971438055823914,-5.870445841242605,1.3535515899771058,-7.362875940155197,-2.74492466619998,6.637431516593305,-4.365330913295809
dc4d0940-b35c-4700-af77-5f13bb530ad8_1063-54,-8.024596584966984,-10.944006332050757,-10.204280218401424,8.481642153269915,7.991932502244791,-5.2204400813957115,6.803930904425755
f77f437c-4e60-43ef-a5e1-ce3881409455_1543-97,-17.00132994929685,-8.355989964588865,-1.5677699511424281,-2.5018156034414303,1.1975681833065626,-2.8383332789074496,0.8928392055174186
42d72164-8f4a-49e4-8b95-b3ad423ba65b_81-84,6.415369408060758,-9.577473391232871,-3.2406709687053956,-0.0999612327738848,2.519646954004623,-2.356122455790903,-5.505682287210892
56da7a14-f3fe-4dd9-9acb-92917603f42c_469-73,1.0776140307368638,-1.3984371107702316,-10.77318906560197,3.3117848113960004,-11.138646418523392,2.5111609042050325,-15.4588227583221
1106ee5c-8829-460f-8454-c4a8348f5400_10077-91,0.09590852939485828,-6.824050127766857,3.3097648797781796,0.8507626898042386,-7.018848566607498,-7.709391633038411,1.1247418475148456
af72c57c-b242-48b2-8d00-aea29f4e37ac_1063-17,3.142080215340844,-10.424637218490693,5.0224566138217135,2.429637392950893,-1.932415088074091,-8.795081801764287,-5.628367578888364
8e605fdf-a4f1-4393-975a-f332ab6b5f79_167-81,-2.790344802017179,-10.839092117939568,-0.9115596402420965,-6.152610408252567,8.31870127411099,-5.836067221211528,-4.36721278908524
48d7d009-425f-4d1a-a6a9-a4742bd0d9fe_2349-91,-0.9856025701942444,-24.356845620823982,3.244349413708139,-6.823981933368511,2.8874459927977663,-13.668593572853318,4.443296791711731
4f80ac6f-b78f-441b-b80d-fa8dd10756c4_471-91,-11.924138083577667,-2.993330606193118,-8.863959296865108,4.576813787976484,-6.871899437200218,-3.5107340399926854,6.731005986464131
e5d2cc2c-0a36-4bad-bf50-bc9347e99eca_1120-59,-16.08461105619947,-5.341374222593772,6.869841728217366,-6.471675413786208,-2.8448349196299274,-0.8627951815079653,-7.541755496442606
706de1df-babc-4e54-a310-1d9070140197_195-59,-5.760306443640821,-12.97870841264422,1.5036709660945737,-2.0533743897812045,3.1593894062240047,0.7255929693177587,-0.17103087935777106
d64fb34a-08fd-416c-ac6f-86a0813869a8_437-60,-3.1663622242281417,-3.6724952274689304,6.3066548798962385,3.5673493694775575,4.506086073161851,-17.3412997110574,-7.25340563498874
c25111f0-0c78-4bf8-a16d-57a6c25c2169_3852-71,-5.772555433751745,-11.286694571626054,-0.8897957156465137,-0.07046210841856149,2.112849373149209,-6.243279752664271,0.7685689850713682
f1b5ae1e-742c-4802-9e61-ff8aae83e12e_459-05,-7.760160789965683,-10.801161576353863,-0.8882721883298204,6.624372690826577,-0.9351549438648159,-7.206855005092368,-0.935027829497296
828ef13f-f52a-4a16-b206-4ec7e471f025_274-71,2.968212760582345,-12.137345019521815,-9.171005104358901,-9.715939826303595,4.55028682813664,-6.907098453395684,-3.5781679338293753
40f3258a-f7d8-4b05-8b6a-bd9f8d5b85fb_792-58,-13.215877460931022,-5.95796520625528,7.9299213857227935,0.22322313339567978,-0.40694440523086883,-8.971686981639548,-2.806972513692682
e9e0f26d-3005-436a-a70f-7d99977808c8_1554-09,-1.369415349354374,-17.844586701274956,-1.0115318239736366,-9.425362340440792,-4.319164687761,2.929348697403915,-3.5989038594776668
ed027cb2-5b92-4de2-ab58-69d42325ef15_266-43,-13.856076158518416,-6.0503233235349025,1.5431040882486857,-2.412467638708752,-0.6499746229001349,0.9173229161688363,5.217589498106756
bdd32b96-5baf-4d67-9975-34cdce64b0cc_240-16,7.3761983168556124,-17.161723693120976,-7.758342658625985,-9.792953699037806,-4.170467277767217,-11.822313245539187,-5.591281690121639
a13a145f-920a-44ec-8aef-b489c097f4a7_171-91,-0.060981380205647806,-13.683212588586231,5.547534187944671,2.647655849759865,-14.476893021399984,-5.628655389549633,-2.555530547756429
0b38da1c-2b62-4c05-a68e-e8f2aafa47a8_1227-10,-4.309732137472015,-9.25932781655977,-4.871873588617666,-5.577105285470278,-5.004520788155144,0.564339968032626,-8.819636747927179
be7ede7a-c212-45ff-8601-e15dd2f7e531_1651-77,-10.437491841085315,-9.106871088541409,1.2201410275918523,-1.1478874779402393,-3.060804542005824,0.6901807996702827,-15.517250161172546
434a5651-9901-4b32-b782-d9a2bb52e805_711-02,-3.0314684123849513,-9.032973750091928,0.830642899875234,1.0296667582306975,-7.0700499937348065,-6.291352614605456,-5.989975693303467
e93fdf27-c14c-4794-b4b7-20685b40156f_1304-45,-11.641051335429452,-4.989535642654315,-4.107922903144917,5.345063800972657,2.960743256301484,-6.861722048967166,6.913562642738643
0b530687-26d8-4c9d-9771-c758ecd2ecbf_14604-13,1.4464733089087471,-10.949509644623854,5.534156517843281,-0.09447139582078856,-7.579723053813103,-5.421452509048185,4.486647958416272
dd82f801-fc96-4ced-b066-ad559da3faab_836-46,-1.7323798035635143,-5.185238827713048,-0.5296324742315948,4.066504173135689,0.342402166711747,-9.819682686685425,-6.0629574734115135
3efc152d-ea0e-4372-b552-7d5e1cf07259_6416-63,-4.190358394957613,-12.264129090248705,-9.29304358051564,-4.61135988751303,0.5294846201703886,-9.057321428601906,15.761469942832255
ecdc4071-1903-4024-a357-d0082720168e_44-12,1.4547847024980807,-8.590257450173597,-8.098287022994397,-3.4972662808759614,9.344099152212175,-13.850307101550113,-3.7970859327146806
b9b65293-fec8-494e-81e7-c4496aafba6f_2296-78,-3.5624140549825807,-6.082483200941836,-3.5355699766203967,2.9499490251242535,-7.101093581427576,-3.8728930577370044,-1.4524432745711289
520374ca-09f9-4716-8176-dd289ea7baa9_659-75,1.0481757318404683,-7.980176544980348,2.287695190445702,0.42219176155736626,1.2294285182936033,0.4163843645197467,-6.203003061647143
dd82f801-fc96-4ced-b066-ad559da3faab_1788-27,-0.5968674401262826,-7.300833801151603,3.0042158028928947,-3.543429848238991,4.144192462099414,-2.5455277081842476,-0.2892195932948831
9632b0a9-cf21-4773-b95b-83aae9a23d0a_630-61,-5.870629442135597,-3.2879477358653837,-5.032644486083326,-4.236096613875803,0.12040814736379571,-4.388604352776296,5.896412702727089
e1b0b312-ce2d-41a0-be5a-70c807fcc5ef_2287-10,3.147848695274524,-16.716755177296832,-11.01264832164434,-2.4672239442666593,0.8057974868817177,-6.312410562870609,-3.2039014777127104
1acd2d5c-b0d4-4ec5-a54c-6a9c84cb11f6_773-39,1.5052338141670463,-10.118207877388665,0.23802061093880944,-4.334346526790397,10.107868806124788,-3.053810147699876,-5.60203372211981
54a421d2-763e-4751-a6b4-54e3d6c46cc1_1361-15,-2.360573541714891,-7.799172036994936,-6.735468178306355,7.262668360935809,-4.974397248626225,-9.307416732874852,3.0963589173969086
7c1c5dca-5856-4997-8cda-9fa3bca10a3b_1973-06,-2.5153260195682354,-14.798390952938197,3.0938647085334408,-0.8396185175423732,-0.6977269366012011,-2.164431983145647,2.3463853453877657
8c075dc9-9c6a-43cf-8c6e-fb1af3624cf0_842-26,-5.302684551937652,-5.902331047682011,-3.3935464117488183,5.977234119101855,3.5464829716054616,-7.995489324558166,-0.6246153003362038
e579ef82-c68f-44dc-8b0f-7fe62e20974c_2509-16,2.3098776636300373,-9.705299945783496,-9.762233938547228,-15.375666348699266,-0.0673195913227152,-6.142270253968242,-6.552672922392222
34590a11-c136-4423-bdc4-c6a45221e546_565-25,-6.549907659935069,-0.8291667156206142,-14.660178291663991,2.063547281775195,-1.7850641215193614,-4.711545197326012,-0.6324480651561859
af400f98-3c57-46ad-acac-eaca6f940180_508-42,9.382900809157427,-10.756332555108237,-5.0505114932237625,-8.02131190769868,-11.180563908615392,-7.568566632862208,1.3046300616105593
14a3d52a-e66c-4a4c-8f71-d86f7199993c_10-64,-0.34855081840246527,-11.12425872879509,-5.560031599465587,-2.3720119077456694,4.17028209181567,-11.548841732570196,3.75797736508567
2ac65951-49b0-4629-981e-edc34b8cdb0f_1091-69,-0.13881519120044628,-9.456911996277599,3.14930525732178,7.362352621332965,-5.535097200643412,-8.311820393816138,9.757465225207019
39208fca-0c54-48e9-b4f3-b4803bb67661_3315-32,-4.253018143978123,-5.652792403219862,-2.7294278286059064,-7.629150644539937,1.0885917937706693,-6.413517747788477,1.0919239090367179
90398a2b-de6b-4232-9bea-149c48cb1326_984-97,7.122775073609728,-15.759987748441276,-11.129155438669484,0.4904225303888494,3.0194461018811927,-0.805722733115183,-1.7180410081968085
10a848ed-f258-4930-abdd-1fd60b788abc_345-05,-10.31517026484764,-0.4325270132747754,1.525346367463753,6.936164379734968,-5.660929085608289,-5.381712185648788,-0.5046861134246865
4bf46557-3c5a-4a89-840d-158403590c9f_3687-37,0.33969174338390884,-10.64231833539429,-2.9501010044614597,-2.3352985006402665,-0.5602320035123667,-4.209322882801008,-1.4040503350951832
38788778-0822-4c9c-b51e-5bce8a765a97_83-68,1.5317378760608102,-8.088876738354438,-10.676085647457423,5.539067899980337,1.2031272800061252,-4.841858110900823,3.7445878375268715
7a680a9a-dd7b-467a-a724-a597f1be9f06_2545-71,-5.860655961800093,-6.960902112068258,3.399451360965809,-4.002823036626493,3.427015104010136,-10.418272006128408,-3.7068344400577624
7b5fafdb-136a-4722-84a4-cffb213a224a_1092-90,-0.8677405543038548,-10.577024950816645,0.7603060699339279,-7.136802950601794,-9.301880433231208,-6.267442436554103,-5.40539273099443
526675a3-acea-4d5b-b5c9-ccb1b89f6e58_421-44,-0.8616410938887111,-10.95776924215193,-16.593614827158802,-11.823148303091276,-13.106775976680437,-0.8501096109437256,0.7604835598403294
1a9a07d5-70ad-4e18-9740-66ea985a527b_945-60,6.870329604313643,-13.284694493899163,-6.789087074834503,-3.064158501092289,-3.1772564693132006,13.100318858083124,-5.615129091286548
a437e059-78be-4894-a7ab-dc27fa16d3f8_9861-81,-3.628421703721424,-2.9897403917188985,10.301157503308506,-8.26273066643883,1.0869427985570483,-6.895750184558473,-0.4543356170235282
7c1c5dca-5856-4997-8cda-9fa3bca10a3b_1061-91,-3.6910071535761806,-10.404358840938865,-6.139189392262559,-6.608328156862283,5.4829539619712095,6.003333513722171,-7.318377762541925
f374039b-7f08-4dc3-af64-4e9ff61db531_2262-81,-0.8397206364254486,-19.112930171994286,0.5447964511229308,-1.9054871247258185,4.361862937569251,-3.3510966935510313,-7.336249577534341
2efc9b47-0a23-4247-89a6-db46dae6c998_416-58,3.7609646641120458,-19.92325759552422,-1.6178274034895987,-10.906731299750135,1.9647972520088501,-3.2110330119993735,-5.125664120914071
c79e05d5-eaf6-4323-a707-744020743037_763-82,-8.128321636745625,-8.504712230679464,-5.6647878993635565,1.887124120399072,3.6766422509543895,-10.32165329633748,0.6279432917376275
949b2e8a-83f9-4b89-b29b-9e8d81600dd8_2242-73,-7.555702658531084,-7.2707588297747305,-1.2668389483869187,9.714700745851442,-1.1567956354382019,0.8666903327545024,4.052410141594576
e93fdf27-c14c-4794-b4b7-20685b40156f_1313-69,-10.338402882047166,-4.507389095736267,-3.5268917902154695,3.749962444713247,1.4644897131020336,-9.033950822343108,5.952285136396588
0b530687-26d8-4c9d-9771-c758ecd2ecbf_14330-76,-8.379628425646604,-1.5291109570148391,-0.35194775886954854,-1.6926496301377596,-6.328612990830692,-18.370284692011964,7.317969838462863
1f61d972-e61b-4846-af3a-d09db9f111f8_1079-93,-16.234601849816936,-11.956193829206963,1.7551872294668285,0.40961550355116083,-2.243367379214274,-2.1171614246314716,7.596996860068858
eb81442c-a322-49ea-b243-a39d2e288b9b_838-90,-1.8274680170194664,-8.363468522758202,3.6525451197277565,-0.01811066996370636,2.438563749657177,-4.713578790556868,-7.856935414166305
45c274b8-54e6-4187-9fd9-73c0b0ada28d_1281-25,-10.354127704551289,-9.301148748625625,0.7678917937480851,5.247958874105042,-1.1467282628671236,-0.2770171310629257,12.5774180051233
2dbdd409-0be0-447c-8ae8-3f107fe9af80_1439-37,-1.8261719914987056,-6.822652158998242,-5.890035038951317,0.3875089451028515,1.3757288322739583,-5.848071794750968,-0.6559482150594809
cd1d3c56-69ca-4602-944e-bb9fabb9710b_1865-43,-11.025666092849441,-5.734053352592251,-1.7527809001157624,5.273868138984379,5.778103392359891,-4.330279278853389,-5.884571954329951
a055e4e8-cc07-47c1-a438-06f45c4f724c_2257-57,-9.000099907932938,-8.720004523013646,2.7296272467508165,-9.955361099923616,3.7865014981258542,-8.011076942440988,-3.889172213972197
7b5fafdb-136a-4722-84a4-cffb213a224a_1908-63,-5.621104752225763,-13.956136526325949,1.668387356197175,-1.1700117213622316,-0.8552568567652192,-3.555499010038245,-8.61619216790083
5a9ca82c-bb33-4f05-9e08-efd614269566_1201-43,0.5206586749817905,-14.645527973560682,-2.063571323584503,-3.644475325043815,6.195297556241201,-4.0152384401900925,-8.196521246795664
1f6eb61d-74fa-411e-979c-2e66e71f2b7d_501-62,-4.553092368542045,-12.221639756993104,1.5498825098408675,1.3732519440732678,-5.122018298710625,-0.6445038540412789,1.5514936874582799
73f94b03-b777-481d-b342-10c516f192a2_3-08,1.1791989975944248,-4.319510642862434,-2.1241296801295197,-0.35483274388553454,-2.8602795068360467,-4.3104380209829625,-7.609435684362095
fdbe0fbc-90a3-41b9-8898-a0c7ce3f966c_696-68,-2.347787561891417,-6.7057786653550675,-5.421954973807887,11.2966683326815,-1.5201932309321065,-7.807259588199213,-4.1466979196433105
d64fb34a-08fd-416c-ac6f-86a0813869a8_290-32,3.2164116292858176,-7.479472647694648,-5.656310102130426,2.061389102973672,-1.0429431363801243,-10.723001341010999,-3.657109491092611
214b62df-2fb1-4b0e-af9d-42b0dd37defb_2020-07,1.1261591503562545,2.8452247635848664,-5.69670445854791,2.8708235287484953,-4.382036975281472,-14.851630510207082,-3.022585913859184
40b33c95-3689-4ec8-8765-7e926f623b75_726-75,-5.906113672104494,-6.037528589281148,-6.243068306118518,-11.512779786204204,15.077816296777446,-6.204990279358116,9.583575594470116
b5c3c1e3-7ee7-4b4a-b938-4d008d5aa49b_521-60,-2.7319797101747296,-1.3826464424559575,-3.5269437424699053,3.6585586690764402,1.769044054093891,-10.183291915650344,-1.0011641548135781
42d72164-8f4a-49e4-8b95-b3ad423ba65b_1368-26,-5.1945263780478586,-3.3821440451997837,3.1927084151258667,-1.0691366968577445,-2.0818458477729966,1.6972834051295962,-3.412093605225715
5c3be03c-07a5-4427-a2fe-449f16e8017b_787-88,-6.816371818037849,-10.393446111224751,0.12875971028628008,-1.3458291866996492,-1.442301212512142,-4.346542786310007,4.194022103798398
ca1773b8-ec8e-4f61-8e8f-7e4211830793_835-99,-3.542317891619126,-8.388929317374505,-3.497032417380722,0.612265970803684,-2.1852878664298965,-0.003460545726408526,2.247417716025088
5cf98bc1-012f-482d-86ee-9337d8747dce_1374-50,0.7629345588529,-11.548990922285862,-5.828708436779804,1.2694154920191503,-2.270503354187613,2.134991738088011,-10.439490983276986
c00d3596-99db-4ea7-9a65-57ab4319d640_329-17,6.825775842646295,-19.55285251022588,3.67572646712099,-17.391110202025242,2.913562912251562,-1.1231069261126985,-8.353325247539537
9b34e344-494d-4664-8180-a8ff2a692ab2_35-55,0.754586381460693,-7.190595160737182,3.6170268908597367,-5.316118834506921,-0.8807463728602849,2.340151390383184,-9.831638887592542
22653c79-369f-4a0d-a663-33a1da378fe0_292-96,-6.218846673438378,-12.407388226482828,-5.603562789231955,-18.724457840069554,5.907128755814277,-1.8264453104142482,7.331830384160568
bbd30b78-137a-4c75-a4e9-b51f62b3f04e_184-26,-4.746029299982446,-15.00561527009323,-1.963833030052192,-6.742604683584917,0.7967184142077839,-10.489560825650287,-2.052695842220083
5aa8f84b-aea8-4e40-b710-82b93875e1ae_422-21,7.621730754801313,-2.735159427892861,-5.262861396506576,-9.74624821242195,-3.377807304749915,-6.517372145185995,-15.727671067152572
98fcbc28-9542-4f3c-9a03-73af08fb989d_1063-08,-8.427087971497567,-13.90126149591987,-1.380414192981736,0.7431400972479856,2.670833955933357,-2.6334448731618476,-0.07054950638383906
d36cf2fd-8916-4b69-b7a2-e9743675fb38_3568-39,-2.382758189161617,-13.018742025070349,-4.385692872528965,-8.033016443275397,-14.823543843893356,-3.652808359110595,-7.261013242082434
8774b5c6-83aa-43b0-8a51-00f173949944_3529-30,-7.387000185712732,-9.814366915674263,-6.398805456371861,2.5127640251216543,-8.241707599574056,-14.414198951563794,14.532653175039401
4767de01-96e1-4cf4-80f4-1c9d3acd26ed_650-13,4.9287266767646996,-20.286666238506925,-5.61559573846392,-1.793472169091838,1.42601580859565,-0.35759775732532306,-2.2514773946770323
5f26c69f-6f1c-4041-a81f-3c4808e0a385_156-09,0.3085038584991624,-11.300329706325515,-0.18532955778064952,-1.9389619571724555,1.557661679214637,-4.220028591461324,2.0089810776073533
5b0225e8-b81b-42fe-aa08-b0732b46c8bd_1082-56,3.285615221649392,-12.451859178612418,-2.6273097638274643,0.9181192880183189,5.661303087059247,-5.583840420707378,1.5385443517904789
449e14cf-f05e-42ac-bb7e-0ba87617f95a_582-28,-2.6186893671312808,-8.798620225317674,1.247960522222051,3.1255872603281025,-4.166712177947738,-4.060690424283306,-6.967122523627978
11663dd8-aa9d-429d-80e2-2807b341350e_224-01,-8.349543535690001,-11.892576871578072,-4.0697762535355695,-1.6118740401075118,-3.747860928645134,-1.7559992956417925,-1.6352641043175704
c8b61175-cfa4-44f9-a88b-76609ffa4ca3_3008-85,-6.8987767736221315,-10.694665828373145,-4.396914218689342,2.1622259803916597,0.8140365892715646,-2.5699881716126307,3.0343776040839425
95c0a226-5cb1-4380-af73-db2fcdbdbb76_174-41,-1.94991385551321,-4.697151662319168,0.9840585772944648,2.3626607857650836,-0.375023454809086,-9.080701198201815,-5.975550066753929
2cddb76f-24d1-4863-bd91-9a5d1922a543_1368-59,-1.837671110531367,-8.79302828473678,-3.0682319499882422,1.885936628824063,1.746741161791857,-1.564636899075008,-16.92818820939468
8a0de6d0-5d28-43f5-91e6-48f41eeb3752_1074-03,-8.250574601011417,-12.34641498162824,-5.630408460890473,4.603217562307928,-5.530816656051299,1.6800404836767266,-5.254012149684881
63d56e4c-e454-48c2-a8f2-5bc2c34622ca_172-69,-4.446014418833363,-8.365907968362947,0.7055773048232465,2.8611704557152806,-2.1358719310976153,-8.71544089442077,-7.3842168468700855
be82ebf1-5feb-4c1b-a71a-f668e3a17726_27-55,-7.75174133003472,-3.6029741905073713,-10.958701286273282,-6.763430185939313,1.577318151379084,-9.797697036131463,8.596775070520811
35b1a8c7-80fd-402f-b240-768926b7bcee_562-55,-2.4769639055728874,-3.8321483931615203,-5.451602524087459,4.745422351487432,-0.760302479893235,1.115620907230496,-10.892627762101492
2dbdd409-0be0-447c-8ae8-3f107fe9af80_1653-80,-5.341793724958027,-8.726469918510517,2.852631151585122,-0.48494008269807787,-1.4879025636501333,-4.549533617480643,1.9830254301220651
af862b37-12f1-4b55-a1ca-1c162c4f98a0_3380-57,-3.2186900481488725,-10.019316197527036,-6.318409615991701,-2.849550965994526,-4.8830617300832415,-5.226367357817303,-6.005158699105155
49f87e0a-cc34-447e-87ba-209e430aafb0_2852-27,-7.9709295987894855,0.8412243892876727,-0.5270874202661253,-15.316492865948597,7.2736401643565545,-4.7106418251067,-0.2762900528651735
1f6eb61d-74fa-411e-979c-2e66e71f2b7d_345-36,-10.593578366061816,-7.032961502025141,-2.437166941645863,-0.020598328457974713,-2.2586998567259178,-4.54466250062043,-6.873749325056265
e95dbd21-3017-48f5-8f36-46531f053ab1_339-47,-10.458147792226224,-10.217358036688426,-11.656875375859029,10.048432814749864,9.331243103574117,-0.4742775786341129,-4.025551856480642
50c1df1c-e016-472a-b0ac-d297b0c82e87_3264-37,4.096728902507197,-10.556165286108659,-7.963241305601933,-5.976042330425887,3.032850475589894,-4.450078470839054,6.329565806069853
b959f479-0508-4f1b-96a5-1b17e86af8ce_1110-67,-14.681648228934737,-8.23574692931721,8.699662701966883,-5.497325822910513,-2.9553810209316804,-0.06495015848411878,1.5335768187754781
e623faab-101a-41a6-83ac-8e22b4371aba_1141-39,-17.104994218826796,-8.608552371452772,12.182080442049259,-3.192033159144838,4.811526406938499,-5.154331053710287,-14.198721744813977
64049385-6855-4eed-8b3c-ce3e8d704008_1157-10,-6.052958663849945,-15.87441424820824,5.098749862409848,7.074259783160395,-0.038389304259721396,-3.3864031334557314,0.4290640918501234
2d01625b-b7c4-41aa-989b-2d0b392d8b54_113-94,-16.414531188577097,-5.639921952857762,0.3563106600760131,-0.885487702895988,1.1084695322065843,-6.029619879379232,-5.835800428877707
17be1d0a-f213-4126-ab6e-08e5c8ee5b93_1056-33,0.3883652559091799,-7.19999457403355,1.2422233929041369,-4.064545226829624,2.3004171473862804,4.08769403018533,-4.580659816487749
1270f0e2-1bc0-4225-bf6e-3dd68c594c8b_1984-62,11.276958554855613,-11.783978899464701,1.6225155621196512,-0.36390770577255616,-2.0475966427171564,-8.663342984826533,-16.748717457856582
db35b386-4c65-4c5e-a488-51b2aa5eb1fb_481-32,-2.856885382600022,-9.173990736481695,-10.00126764360971,3.8171819985822717,10.845530399322849,-2.6526033065351386,4.353203962004368
033520cd-e7e4-4649-b551-83bb451a4802_382-12,-11.97281834779736,-10.676863451549076,-4.082573721706739,0.4670594506239678,-1.9156130227080896,-13.53721025794987,1.208139121475952
786877d8-e353-4fae-b488-8d7443646882_883-95,-24.282554683550956,-4.2882055189590345,0.6248288950089171,1.9025120935318949,-1.5057152270555245,-2.3398993658974105,0.9776433416001757
14e96091-4011-4557-95b3-a195fb5c39d8_919-08,-21.660683894311536,-8.572974855728965,-5.178050806980498,11.947366068041493,-3.953370330793876,-3.1785408284071632,4.937375891689548
7a33ca42-9a39-4d59-ba82-c9667c250f48_2200-51,-4.441199336408657,-8.178073808867122,-3.7932323486919124,6.577308083263571,-8.411890370503011,-10.567104319957597,1.5448073147247041
f22115b5-b9be-4e30-8576-7c1fcecec480_21-27,5.124309991333957,-23.134264137580857,-7.004146394869078,-0.8771754586131317,2.179599522733303,-10.019119844502782,-4.104052072770164
ac8dba37-ce09-4dc5-b478-8194e41353c3_9451-92,-10.43726836148337,-1.5860350846778335,-9.485188649555493,-0.35029568762344043,-2.383564036286456,-1.5192684148795168,0.1421590873275469
9fc3678b-86e2-44ab-adbc-9aeda78ceb60_957-19,0.6337379518424666,-14.696341484193963,-2.8085348108866914,-6.393929053616818,3.014406749367827,2.8910250134564004,3.1633821069518073
e5fea731-7b32-4857-a86b-587eda0ff334_979-09,3.757921673003037,-8.195374618886055,-5.331047109474239,-2.1950191339268343,5.315847452128061,1.5017201590398122,-2.7293001232123295
0f3fa455-3622-4fb4-a3be-0c1a7fd697a7_1157-44,-7.44332241543882,-6.145552177460928,1.345093167063566,5.581618975460412,5.217092431041545,-4.372212244615557,1.095708904475455
fb9fda68-f264-465d-9208-19876f5ef90f_63-03,5.237362697152247,-10.340974012236213,-7.097089455549478,-2.431305882398276,2.2493797141495366,2.829234668986526,2.633139005606466
18a3840b-7463-43c4-9aa9-b1d8e486fa84_2172-38,-5.3999104960074025,-9.042774701989806,-11.559880809897836,-2.4272138826360257,-13.479474572002566,-5.248521786282265,-7.449738874625659
d40be91b-85bb-4c47-ac18-52c4d044e3fc_13523-54,-6.9801302418111035,-9.537706624329665,-2.6828237753649384,4.509586310167096,-3.473830176757811,-17.357741374303362,-0.9291342366091144
ac8dba37-ce09-4dc5-b478-8194e41353c3_748-30,-5.579997743133589,-6.819255547579978,-6.9324036800996565,2.7404568053544076,7.953448808261192,-0.1491074879724099,3.0690306882619
98fcbc28-9542-4f3c-9a03-73af08fb989d_1376-40,-7.395045610303408,-4.00664806547632,-4.389422560810194,8.776354495851873,-1.2142256871920654,-3.142229343443563,6.307033633276211
d64fb34a-08fd-416c-ac6f-86a0813869a8_494-32,-3.987943447926436,-7.732827967346605,9.013524963725718,-0.5646355775826879,0.9773637482378938,-14.048834475907281,-9.548782659129312
6ef7f9c0-30eb-4280-acc1-55f22f6e2924_2998-83,-9.149229820206774,-11.738714999518525,0.4021169081001257,0.9961077206977107,11.499841542334748,-3.6182923821442605,-9.700683502181903
744c58f8-9a76-40d4-838f-8c7676fcb316_139-70,2.715449553430402,-17.57872049807755,2.534435689062256,-14.979196797851282,5.716548611862183,-1.2945369818832968,-7.420451689336623
513f572f-6d1c-4a8a-8b57-9c1d0aa363f7_1015-09,-3.2783059815540936,-5.889072611790082,-6.830437298571519,-15.090904483048568,-3.0565810326127836,5.603938327679649,-7.932334277422473
0f1024e6-ff80-46e2-aea8-3878f11bc1d7_201-92,4.618002872504505,-10.776647584523577,-9.66314350045848,0.31560577667323253,-4.4731292204845925,-4.98388581530468,-6.05479093233069
786877d8-e353-4fae-b488-8d7443646882_1021-24,-7.8972967862176295,-10.693829629588786,-3.0938327673597787,3.7855485812599983,0.6758654757550433,-3.3389013040006637,-0.1511880035426616
2b012751-2e50-4acb-b645-c864930e92c8_1119-28,1.7676518165308606,-10.576415200249155,-3.0910011060214715,-6.703950855747079,1.4730257457074827,-10.322573186158749,-15.104099304224528
366b71ad-3f35-4704-b6ef-e793c7e73ac6_1040-50,0.6229251574871033,-9.074869271850025,-1.3133022379659687,-2.1646457787004003,0.07416936666424959,3.1358981120793783,-8.701940740938518
878666b9-5f3d-476a-960f-3a5d02da7619_6890-95,1.0701545810374151,-5.421289503257724,-9.513588912683586,-3.155165888701438,0.49155348845113916,3.8802213728304293,-6.56099960931668
439cfa9c-ef6b-41ba-aa5d-2f40b195b374_1380-00,-10.974728976154637,-1.761468350999798,0.0792314752221106,-4.087127126763779,8.5648981340529,-3.8727465474346494,2.5760032696208444
214b62df-2fb1-4b0e-af9d-42b0dd37defb_2181-76,-1.9966921244782196,-3.0026593486697273,1.8173961840879924,-1.5793135968255478,-8.104903158474565,-6.472065831528044,-4.451742377349339
5ab334f2-ecc8-4a05-96f8-4320225379b2_905-78,-7.282696003252834,-4.937505732116948,0.26995024106146515,0.48060760321122187,0.19899281548200307,4.417896698365531,-10.89303280585614
65d6d7a3-11f7-4472-82b9-527ca04fe25b_633-02,-10.604225512592755,-1.6667807862368367,-8.362602438246464,-1.615553764840151,5.463610108425604,-3.323717966262102,0.4856984996288727
7a680a9a-dd7b-467a-a724-a597f1be9f06_3668-06,-13.006731845169359,0.4086029666427482,-4.611564558890898,1.0892342460151512,3.545022876700413,-20.506177924140474,-4.023048429639856
eb2c9739-dba0-479c-81b7-9dda51c4ac20_1465-40,-6.863749615342856,-7.47177937454761,-1.4968291350690701,-9.710282025134216,6.3133053835323585,-6.751281989340725,3.2918957351248683
225a1ffe-3e7e-4ff8-a47e-2e80989077fe_94-47,-0.9565917110674742,-14.479491301521037,-13.496354046348031,-6.06324912160894,-2.8036100677337226,-10.310203821751788,-7.0619508855289475
fec31c20-1910-4ab1-afc5-6aa3057a45f5_810-30,1.9320498729525544,-7.610963807839536,0.6395995387641955,-4.872015089725255,-4.373914618310832,2.929850835672594,-9.758497189674635
7c0c0057-3bbc-40ef-a91e-4d6e1a637642_1139-91,-11.047094684045037,-7.306537315925145,-9.627280913111864,-5.051173702139412,-6.490063163290475,8.61250640894361,-8.475163889170748
584fd34c-9bd5-44fd-8266-9d3161d8c790_3302-91,1.6024074090451204,-6.572733028708016,6.815608141950288,-3.707455678454,9.61960753939448,-1.5679809139167822,-8.870102068907949
cd0c7d35-19cf-4ce2-9b40-0209547acde5_1447-25,-24.124553013153424,-3.1215882942143516,5.485437824334857,-5.646332424170514,1.6298653244890144,-4.340583264124869,4.3288402869916265
d6f9d174-2d42-49e7-83e4-daa9e8b0aa25_1389-10,-7.807981533123039,-4.565323792133343,-0.6442417125452942,-0.736983452804207,0.4599924752508071,-8.086063234989417,-1.9571489860380056
eb2c9739-dba0-479c-81b7-9dda51c4ac20_275-35,-5.782382369367649,-5.454238224276678,-2.7994825414255007,-6.1974719278811214,4.814634152962198,-7.533399575656383,2.590911996320077
6fd90f8d-7a4d-425d-a812-3268db0b0342_1001-51,-7.367482602555457,-9.950826222423379,-2.873940617558942,-7.606076111621113,2.3625271300448873,0.09763793024311607,0.2193622800056203
3178c414-453e-44e9-b192-67dba2ccc982_1088-81,-4.62880123776434,-6.0188438626885485,-0.5837400007241298,2.6442431483649345,2.1468913517760826,-5.268026508956596,-3.424935648407036
6e4baf27-2090-4a90-816b-a35a0aff0e56_1099-34,-0.30749361622647475,-7.9561504441075055,3.0117560226907694,-11.104972848005326,4.771200364860233,-0.8760515434396181,-3.5320357344615734
aad332b0-a437-4bd9-9147-f580bb58c3f5_3472-99,8.432656671583242,-11.658727106051048,-5.465109457012448,-9.593116414757693,-5.985651752500729,8.529468097628925,-11.655440371668966
b7022084-61ea-470f-b2cd-49be2ecaf3aa_688-07,-12.190580137071835,-0.3565627939336711,-2.223090049533611,-4.146521412009223,-6.782395162800071,-7.277060733797667,-9.958856662446337
4bf46557-3c5a-4a89-840d-158403590c9f_3598-37,-2.2105253608970097,-13.190578686784358,-12.286773875614607,4.661209315894281,-6.76020092084816,-12.452250456233312,1.7005861619600044
d6f9d174-2d42-49e7-83e4-daa9e8b0aa25_270-04,-4.279977327549135,2.3954508723133525,-5.154011194894587,8.120058307573249,0.6883740737177659,-7.524166642830153,4.678820460939818
072623e8-1889-4580-8175-ddc05a3dceb3_11-40,-4.881700685365653,-19.848310267672055,-1.6450204296218334,-4.186682540305638,7.751916971747999,2.207202719880297,0.5719634618510474
10a848ed-f258-4930-abdd-1fd60b788abc_788-28,-7.941979019327074,-5.65659197774759,-3.11672671836461,1.748710551680026,-8.034829058043794,-7.294039547984823,1.2496053870924584
7836e736-ef0a-40ed-9b77-b4c12a08b236_3090-06,3.9884619644481525,-14.97975551242405,-4.168165362756761,-2.88848521943094,0.8844671812345574,-7.415784768154911,5.498319224196292
c586c267-9ac3-45d5-a9aa-6deab0b9608d_246-72,0.8427478158347999,-7.201237898908239,-7.5548126704095955,-9.014212610667919,4.781585284768019,-3.443858937232344,-4.182201965173416
53e92e25-fe03-4311-9a17-c4f6a29ccad1_3512-58,1.81599412673721,-15.622459496876008,-3.70950596610471,-5.417984101148752,3.6667025124384787,-14.830966176752167,2.9051482338408254
83f18213-f8f8-44fa-b9ce-104c6ddbcd57_1657-94,-6.135231226503436,-7.832982789548506,-8.680413235286897,-1.9898215592856046,3.0968673173752195,0.4621957993851167,-7.600423278146389
ac8704d3-ab1c-4412-a10e-befb387063b2_270-04,-10.693621787763501,-10.938255068098197,-2.3141958483899376,-2.1659271495087573,-5.127349840591024,2.2263653741683833,0.7023016829589372
053ae0a6-937d-4bdc-8001-d3dfe7899811_1085-52,-3.5201259657476003,-12.909041395480832,-6.094206908850898,-3.551583166850397,-11.18700508580331,-0.4979082050699475,-13.11463540947977
bb2297d3-91b7-4ec4-b39b-cc64694929db_0-03,4.394885655271052,-12.239728623425336,3.682446641557439,1.8117545254820286,0.5326872674108653,-3.8069716616707145,-6.879410423527148
fffbaeef-577f-45f0-baa9-f10cabf62dfb_278-37,-4.435948228268735,-10.317392606536409,-2.2613133767054707,-4.39998688778771,0.1241403934416146,-9.786129868735955,-0.14436988646914672
42d72164-8f4a-49e4-8b95-b3ad423ba65b_1575-60,0.1326879061912889,-7.225930679352976,-3.4430269177548434,1.4606400694327122,-1.1934482398963715,3.4521847305049986,-12.14118805615758
dced4894-d13a-4222-941b-5e4ecf1e3299_629-13,-1.1707303836586807,-14.060242807679993,-7.654916593540547,-6.25262321547817,-0.4898509554744235,-2.382229495030076,1.2577687597129805
110f9870-6b6c-4a20-a3c8-8c2e29c53bb7_1388-88,-1.5742537356758826,-9.538993106699044,0.7580309402893741,2.4281884285056647,-3.940444201522209,-8.690463851581026,1.2361642007390299
f22115b5-b9be-4e30-8576-7c1fcecec480_12-52,6.181503159174252,-21.678895180581556,-2.738280177730941,-3.480086120370558,0.7225745882925936,-4.63040756554886,-10.69224486163366
a5bd4711-275b-4bbf-96fe-37553e5d3e93_156-00,2.889087939875849,-10.11270091725466,-1.8037176915650504,-10.71819853541319,10.4260851232807,-4.900609085723947,-7.497011628781516
