space,probe,n,correct,accuracy,ci_lo,ci_hi,groups
legacy_four_nonempty,tfidf_source,1853,1150,0.62061521856449,0.5971449186857812,0.6431733778208268,1075
legacy_four_nonempty,tfidf_strict,1853,1135,0.6125202374527793,0.5879471360453145,0.635967302452316,1049
legacy_four_nonempty,behavior,1853,1089,0.5876956287101996,0.5632798860783652,0.6108696810976175,1075
legacy_four_nonempty,justification,1853,1022,0.5515380464112251,0.5268637553705693,0.5755911990282162,1075
legacy_four_nonempty,length,1853,627,0.3383702104695089,0.317426243703005,0.35900445019564264,1075
legacy_four_nonempty,permutation_seed_0,1853,503,0.27145169994603346,0.25206652556276615,0.29169164478803866,1075
legacy_four_nonempty,permutation_seed_1,1853,462,0.24932541824069077,0.22962239125585818,0.27003546327879235,1075
legacy_four_nonempty,permutation_seed_2,1853,452,0.24392876416621695,0.2241084792729283,0.26304793139058313,1075
five_options,tfidf_source,1853,1128,0.6087425796006476,0.584976007280185,0.631433530947236,1075
five_options,tfidf_strict,1853,1111,0.5995682676740421,0.5753999811745881,0.6232706503429148,1049
five_options,behavior,1853,1044,0.5634106853750674,0.5385418382474056,0.586969132749283,1075
five_options,justification,1853,995,0.5369670804101457,0.5127786377493879,0.5612525533903727,1075
five_options,length,1853,400,0.21586616297895306,0.19785979369393064,0.23461960611613364,1075
five_options,permutation_seed_0,1853,347,0.18726389638424176,0.17056082193614344,0.2044471039099934,1075
five_options,permutation_seed_1,1853,388,0.20939017808958446,0.19121673102175554,0.22756867688584106,1075
five_options,permutation_seed_2,1853,373,0.2012951969778737,0.18206079448685458,0.2200633282701164,1075
five_options,empath,1853,726,0.3917970858067998,0.368171478434208,0.4155246078365047,1075
