representation,category,n,positive,auroc,mean_fold_auroc
clip_correct_option_norm,Safety,400,118,0.6183134992186561,0.6176421484322885
clip_correct_option_norm,Privacy,400,12,0.7663230240549829,0.7640692640692641
clip_correct_option_norm,Proxemics,400,123,0.4677878547738546,0.46090356646600156
clip_correct_option_norm,Politeness,400,131,0.5372172876642356,0.5432246831699035
clip_correct_option_norm,Cooperation,400,199,0.5164379109477737,0.5125526753610685
clip_correct_option_norm,Coordination/Proactivity,400,72,0.5434451219512195,0.5413985123043232
clip_correct_option_norm,Communication/Legibility,400,117,0.480504968137477,0.48369500101892227
matched_description_tfidf_lsa,Safety,400,118,0.701376367351845,0.7102702462758013
matched_description_tfidf_lsa,Privacy,400,12,0.7061855670103092,0.7413419913419914
matched_description_tfidf_lsa,Proxemics,400,123,0.5473863402893957,0.5420997112232149
matched_description_tfidf_lsa,Politeness,400,131,0.6765799256505577,0.6840525566445739
matched_description_tfidf_lsa,Cooperation,400,199,0.5869896747418686,0.5993696381762899
matched_description_tfidf_lsa,Coordination/Proactivity,400,72,0.582740514905149,0.5879865079011809
matched_description_tfidf_lsa,Communication/Legibility,400,117,0.58001872489505,0.5817925813753432
