sample_id,x,y,cluster
sg-77bbd0d516a5db84,-24.437704,-31.30178,1
sg-20efaf9fa9f9e254,-17.573792,-23.160704,1
sg-18ac988e465a8015,21.028519,-0.13117526,2
sg-bbff53d8828fc507,-18.588387,-0.045791127,0
sg-8d1d4ac22e23af96,-11.03993,-30.767641,1
sg-8d430dc996bec4b1,-18.879015,8.544216,0
sg-2a8bd93f5d3604da,17.158722,22.680536,3
sg-a185e89c97525bb5,-26.151937,-1.8594694,2
sg-af2e10a396bcf6ff,22.797485,7.0525694,2
sg-2cfb47a7b051ed92,1.5273135,-17.92991,1
sg-260daffccabb47b1,-9.317864,-0.54877716,0
sg-bdc7eb5bdbfa0210,13.0094595,0.97437924,2
sg-1e3404b84e4f41e9,-24.383818,-18.531689,1
sg-11141592c7f0a388,0.07083308,-2.3054345,2
sg-4fff05a2345f0af5,3.0102732,13.799181,0
sg-e52f1c5e59e387a5,9.665939,12.764628,2
sg-6a0dd0bd9a918137,23.394691,16.83864,3
sg-6dc1ed528ef4a1e1,-1.649357,-28.642063,1
sg-07ae99ae509996f3,17.193874,-8.343515,2
sg-6d1e9cc32466a5c7,10.975041,-7.9617167,2
sg-9af38891ad06a04d,-11.565082,-23.197584,1
sg-92ccd7e4c02e217d,-6.741609,-18.935234,1
sg-af1bb46f9fc849c2,-17.358025,-5.4720736,0
sg-1929dc72d6baae13,-3.0707178,12.096169,0
