example,annotator,item,stage,answer,confidence,cue,gold_answer,correct
1,participant_01,3ae05e5a-f724-41e8-9000-90b7dd31379b_288-48,options,1,1,"Without context, choice 1 looks okay to me.",3,0
1,participant_01,3ae05e5a-f724-41e8-9000-90b7dd31379b_288-48,description,5,5,"The scene is household chores and cooking, not serving or receiving tea.",3,0
1,participant_01,3ae05e5a-f724-41e8-9000-90b7dd31379b_288-48,frames,4,4,The final frame shows the cup being extended directly toward the seated person rather than placed on a nearby table.,3,0
2,participant_01,d74c95ba-e072-44f8-bb2f-2631379af06d_1057-19,options,1,1,makes sense compared to others,3,0
2,participant_01,d74c95ba-e072-44f8-bb2f-2631379af06d_1057-19,description,3,5,The subject is explicitly piping white material onto shapes to create decorative patterns.,3,1
2,participant_01,d74c95ba-e072-44f8-bb2f-2631379af06d_1057-19,frames,3,5,The later frames clearly show material being piped onto the repeated white shapes.,3,1
3,participant_01,98fcbc28-9542-4f3c-9a03-73af08fb989d_1063-08,options,1,1,all seem decent random guess,4,0
3,participant_01,98fcbc28-9542-4f3c-9a03-73af08fb989d_1063-08,description,5,4,The subject is simply walking through an office; none of the proposed social interactions are supported.,4,0
3,participant_01,98fcbc28-9542-4f3c-9a03-73af08fb989d_1063-08,frames,5,4,"The frames only show movement through the snack/office area, with no clear social interaction supporting choices 1–4.",4,0
4,participant_01,48d7d009-425f-4d1a-a6a9-a4742bd0d9fe_2349-91,options,2,1,all seem decent random guess,1,0
4,participant_01,48d7d009-425f-4d1a-a6a9-a4742bd0d9fe_2349-91,description,1,2,"At a construction worksite, handing the worker a level is the only contextually plausible option, though the description does not explicitly show the worker requesting one.",1,1
4,participant_01,48d7d009-425f-4d1a-a6a9-a4742bd0d9fe_2349-91,frames,1,4,"A worker is below in an active construction area looking upward, making handing down a work tool such as a level the contextually appropriate option.",1,1
5,participant_01,6fd90f8d-7a4d-425d-a812-3268db0b0342_1001-51,options,2,1,all seem decent random guess,4,0
5,participant_01,6fd90f8d-7a4d-425d-a812-3268db0b0342_1001-51,description,4,5,"The man is eating an egg at breakfast, closely matching cutting and eating the egg.",4,1
5,participant_01,6fd90f8d-7a4d-425d-a812-3268db0b0342_1001-51,frames,4,5,The person is visibly using utensils to cut and eat the egg.,4,1
6,participant_01,0b530687-26d8-4c9d-9771-c758ecd2ecbf_14604-13,options,2,1,most seem decent random guess,1,0
6,participant_01,0b530687-26d8-4c9d-9771-c758ecd2ecbf_14604-13,description,2,5,Observing pedestrian and vehicle traffic is directly appropriate for repeatedly crossing a busy street.,1,0
6,participant_01,0b530687-26d8-4c9d-9771-c758ecd2ecbf_14604-13,frames,2,4,"The person is at the edge of a busy crossing with vehicles passing, supporting checking traffic before crossing; the walk signal itself is unclear.",1,0
7,participant_01,03ca4970-374e-4901-9895-81f262c0da5c_817-27,options,4,1,all seem decent random guess,2,0
7,participant_01,03ca4970-374e-4901-9895-81f262c0da5c_817-27,description,5,5,The subject is stocking an office pantry; none of the listed actions match that activity.,2,0
7,participant_01,03ca4970-374e-4901-9895-81f262c0da5c_817-27,frames,2,4,"The frames show a red basket full of snacks, the subject holding an item, and another person positioned across the counter like a cashier; this conflicts somewhat with the description.",2,1
8,participant_01,af43394e-d24c-40c2-b03a-f3cdff888370_762-90,options,2,1,most seem decent random guess,1,0
8,participant_01,af43394e-d24c-40c2-b03a-f3cdff888370_762-90,description,5,5,"The subject is distributing bags, while all other choices involve receipts, boarding passes, or restaurant payment.",1,0
8,participant_01,af43394e-d24c-40c2-b03a-f3cdff888370_762-90,frames,4,4,"In the final frame, the subject is extending a small white slip toward the standing person beside the brown bag, consistent with handing back a receipt.",1,0
9,participant_01,2dbdd409-0be0-447c-8ae8-3f107fe9af80_1626-43,options,3,1,most seem decent random guess,3,1
9,participant_01,2dbdd409-0be0-447c-8ae8-3f107fe9af80_1626-43,description,3,5,The manicurist is explicitly cleaning excess polish from the client's nails with cotton.,3,1
9,participant_01,2dbdd409-0be0-447c-8ae8-3f107fe9af80_1626-43,frames,3,5,The frames clearly show the worker cleaning around the person's painted nails with cotton.,3,1
10,participant_01,cf3956a7-8cc6-4a99-8770-71a15c7e69c7_5040-48,options,3,1,all seem decent random guess,3,1
10,participant_01,cf3956a7-8cc6-4a99-8770-71a15c7e69c7_5040-48,description,5,3,"The subject is assisting teens with an activity on the crash mat, not personally beginning a climb or performing any of the other listed actions.",3,0
10,participant_01,cf3956a7-8cc6-4a99-8770-71a15c7e69c7_5040-48,frames,5,4,Everyone remains engaged in the group activity on the crash mat; the subject appears to be assisting them rather than preparing to climb.,3,0
11,participant_01,2ac65951-49b0-4629-981e-edc34b8cdb0f_1091-69,options,2,1,Least assumption-heavy action.,2,1
11,participant_01,2ac65951-49b0-4629-981e-edc34b8cdb0f_1091-69,description,5,4,"The description shows an empty park with no people or animals, so none of the proposed actions fit.",2,0
11,participant_01,2ac65951-49b0-4629-981e-edc34b8cdb0f_1091-69,frames,2,4,"A woman in a pink shirt is clearly visible beside the path in one frame, while no dog is visible, making a brief greeting the best fit.",2,1
12,participant_01,620d3087-c6fb-4b08-bb6a-4dc4ede3b994_1607-58,options,2,1,Plausible if the task involves grinding a pipe.,1,0
12,participant_01,620d3087-c6fb-4b08-bb6a-4dc4ede3b994_1607-58,description,1,4,"The worker is installing and grinding a handrail, so steadying the handrail is the most directly relevant supporting action.",1,1
12,participant_01,620d3087-c6fb-4b08-bb6a-4dc4ede3b994_1607-58,frames,2,4,"The camera wearer is gripping the metal rail while another worker below appears to be using a grinder, matching holding it firmly during grinding.",1,0
13,participant_01,348f0f69-cd49-4c00-af91-f1765155e858_1127-21,options,1,1,Plausible generic yard-work follow-up.,1,1
13,participant_01,348f0f69-cd49-4c00-af91-f1765155e858_1127-21,description,1,3,"The person is mowing the lawn, so raking and disposing of grass clippings is the most plausible follow-up, though the description does not show that step occurring.",1,1
13,participant_01,348f0f69-cd49-4c00-af91-f1765155e858_1127-21,frames,1,3,"The frames consistently show the person mowing grass, so dealing with grass clippings afterward is the closest follow-up, though the mower appears to have a collection bag.",1,1
14,participant_01,1270f0e2-1bc0-4225-bf6e-3dd68c594c8b_1984-62,options,2,1,Plausible in a construction inspection context.,1,0
14,participant_01,1270f0e2-1bc0-4225-bf6e-3dd68c594c8b_1984-62,description,5,4,"The subject is adjusting wire fencing for animal enclosures, while the options concern bricklaying, moving bricks, or reporting hazards.",1,0
14,participant_01,1270f0e2-1bc0-4225-bf6e-3dd68c594c8b_1984-62,frames,5,4,The subject is touching and checking the wire-mesh enclosure rather than interacting with another bricklayer or inspecting brick construction.,1,0
15,participant_01,be82ebf1-5feb-4c1b-a71a-f668e3a17726_27-55,options,3,1,Plausible camera-instruction action.,2,0
15,participant_01,be82ebf1-5feb-4c1b-a71a-f668e3a17726_27-55,description,5,4,"The subject is reviewing footage on a laptop during a photoshoot, and none of the options directly describe reviewing or editing footage.",2,0
15,participant_01,be82ebf1-5feb-4c1b-a71a-f668e3a17726_27-55,frames,5,4,"The person remains focused on footage displayed on a laptop; the frames do not clearly show camera instruction, demonstrating framing, or equipment diagnostics.",2,0
16,participant_01,01d301c9-9dbf-4da2-9181-d66a6688f5e6_817-64,options,4,1,Broadly plausible worksite interaction.,4,1
16,participant_01,01d301c9-9dbf-4da2-9181-d66a6688f5e6_817-64,description,2,2,"The worker is positioning scaffolding poles with other workers, so coordinating the timing of the next step is plausible, but the description does not explicitly show verbal coordination.",4,0
16,participant_01,01d301c9-9dbf-4da2-9181-d66a6688f5e6_817-64,frames,4,3,"The frames show an active, cluttered construction site with scaffolding and building materials, making discussing progress and checking the area for hazards the closest option; the exact next action is not visually clear.",4,1
17,participant_01,be7ede7a-c212-45ff-8601-e15dd2f7e531_1651-77,options,1,1,Most generic basketball activity.,1,1
17,participant_01,be7ede7a-c212-45ff-8601-e15dd2f7e531_1651-77,description,1,4,"The subject is repeatedly taking basketball shots alone, which directly matches shooting hoops and practicing shots.",1,1
17,participant_01,be7ede7a-c212-45ff-8601-e15dd2f7e531_1651-77,frames,1,5,Multiple frames show the basketball traveling toward or through the hoop during repeated solo shots.,1,1
18,participant_01,eb2c9739-dba0-479c-81b7-9dda51c4ac20_1465-40,options,1,1,Broadest plausible interaction.,2,0
18,participant_01,eb2c9739-dba0-479c-81b7-9dda51c4ac20_1465-40,description,2,3,"The scene is an ongoing recreational badminton game, so offering to join the next game is the only option that matches the activity, though the subject is already participating.",2,1
18,participant_01,eb2c9739-dba0-479c-81b7-9dda51c4ac20_1465-40,frames,5,3,"The badminton racket is visible in the foreground and a game is already underway, so the subject appears to already be participating rather than needing to ask to join the next game.",2,0
19,participant_01,38a66acf-33c8-4ed5-b814-7322087b2e21_2113-44,options,3,1,Common action in a store setting.,3,1
19,participant_01,38a66acf-33c8-4ed5-b814-7322087b2e21_2113-44,description,5,4,"The subject is simply walking through and recording the mall, with no evidence of touching merchandise, testing doors, or checking surfaces.",3,0
19,participant_01,38a66acf-33c8-4ed5-b814-7322087b2e21_2113-44,frames,5,4,"The visible frames show ordinary movement through a shopping mall with other pedestrians, with no clear interaction with a shelf, door handle, light beam, or surface.",3,0
20,participant_01,38788778-0822-4c9c-b51e-5bce8a765a97_91-28,options,4,1,Plausible during an apartment walkthrough.,4,1
20,participant_01,38788778-0822-4c9c-b51e-5bce8a765a97_91-28,description,5,4,"The setting is clearly an office, while all four alternatives describe actions appropriate to an apartment walkthrough.",4,0
20,participant_01,38788778-0822-4c9c-b51e-5bce8a765a97_91-28,frames,5,4,"The frames show a modern office or workplace with lounge seating and glass-walled areas, not an apartment walkthrough.",4,0
