annotator,sample_id,evidence_words,notes_present
annotator1,sg-2a8bd93f5d3604da,11,False
annotator1,sg-260daffccabb47b1,13,False
annotator1,sg-8d430dc996bec4b1,13,False
annotator1,sg-11141592c7f0a388,31,False
annotator1,sg-1929dc72d6baae13,29,False
annotator1,sg-e52f1c5e59e387a5,12,False
annotator1,sg-af2e10a396bcf6ff,16,False
annotator1,sg-1e3404b84e4f41e9,12,False
annotator1,sg-bdc7eb5bdbfa0210,9,False
annotator1,sg-20efaf9fa9f9e254,13,False
annotator1,sg-2cfb47a7b051ed92,17,False
annotator1,sg-07ae99ae509996f3,22,False
annotator1,sg-bbff53d8828fc507,20,False
annotator1,sg-af1bb46f9fc849c2,20,False
annotator1,sg-a185e89c97525bb5,21,False
annotator1,sg-9af38891ad06a04d,25,False
annotator1,sg-4fff05a2345f0af5,20,False
annotator1,sg-18ac988e465a8015,18,False
annotator1,sg-92ccd7e4c02e217d,21,False
annotator1,sg-6d1e9cc32466a5c7,55,False
annotator1,sg-6a0dd0bd9a918137,13,False
annotator1,sg-6dc1ed528ef4a1e1,11,False
annotator1,sg-77bbd0d516a5db84,6,False
annotator1,sg-8d1d4ac22e23af96,21,False
