annotator,metric,count,n,percent,wilson_low_percent,wilson_high_percent,missing,uncertain
annotator1,clearly_observable,24,24,100.0,86.20237953250198,100.0,0,0.0
annotator1,requires_temporal_reasoning,22,24,91.66666666666667,74.15119780678931,97.68411847029566,0,0.0
annotator1,audio_used,7,24,29.166666666666668,14.914648196960872,49.16769366449663,0,0.0
annotator1,language_understood,24,24,100.0,86.20237953250198,100.0,0,0.0
annotator1,visual_included_in_modality,22,24,91.66666666666667,74.15119780678931,97.68411847029566,0,
annotator1,audio_included_in_modality,7,24,29.166666666666668,14.914648196960872,49.16769366449663,0,
annotator1,transcript_included_in_modality,21,24,87.5,68.99611872949993,95.65566591987655,0,
annotator1,modality_visual_transcript,16,24,66.66666666666667,46.70631683813175,82.02780967270223,0,
annotator1,modality_all_three,4,24,16.666666666666668,6.678676328632951,35.853070649699056,0,
annotator1,modality_visual_audio,2,24,8.333333333333334,2.315881529704336,25.848802193210673,0,
annotator1,modality_transcript_only,1,24,4.166666666666667,0.739345616550581,20.24180647865593,0,
annotator1,modality_audio_only,1,24,4.166666666666667,0.739345616550581,20.24180647865593,0,
