sample_id,embedding_cluster,tfidf_cluster
sg-77bbd0d516a5db84,1,0
sg-20efaf9fa9f9e254,1,0
sg-18ac988e465a8015,2,3
sg-bbff53d8828fc507,0,1
sg-8d1d4ac22e23af96,1,2
sg-8d430dc996bec4b1,0,0
sg-2a8bd93f5d3604da,3,2
sg-a185e89c97525bb5,2,1
sg-af2e10a396bcf6ff,2,3
sg-2cfb47a7b051ed92,1,0
sg-260daffccabb47b1,0,1
sg-bdc7eb5bdbfa0210,2,3
sg-1e3404b84e4f41e9,1,0
sg-11141592c7f0a388,2,1
sg-4fff05a2345f0af5,0,3
sg-e52f1c5e59e387a5,2,2
sg-6a0dd0bd9a918137,3,2
sg-6dc1ed528ef4a1e1,1,0
sg-07ae99ae509996f3,2,3
sg-6d1e9cc32466a5c7,2,0
sg-9af38891ad06a04d,1,0
sg-92ccd7e4c02e217d,1,0
sg-af1bb46f9fc849c2,0,0
sg-1929dc72d6baae13,0,1
