id,fold
5605bd9a-d151-4d5b-b0f6-cfc28ae6937e_2980-56,4
36baa5a9-16bf-4ad6-b011-4d7daae6b8f9_641-91,3
d1a27322-8acd-4297-9029-db45af8d7cc2_34-04,4
624a6c0a-a4cb-4073-b501-48e4b6b679e4_1105-28,1
ed027cb2-5b92-4de2-ab58-69d42325ef15_1281-72,1
fb92d350-9bf9-4b16-8a1f-7858de276226_2422-37,0
fb92d350-9bf9-4b16-8a1f-7858de276226_32-25,0
356661f5-767b-495d-95c7-03dcc46f85c6_1860-68,4
2ec3c123-0a04-46d7-97d5-8b85b5e6d06f_1372-45,0
620d3087-c6fb-4b08-bb6a-4dc4ede3b994_2651-56,4
375ca7e7-1e3c-4159-9f7f-4691ef11f322_68-87,4
083b7556-9dff-40e2-9fad-bef3f82dbf37_34-58,4
a8197601-7474-4cb0-8d08-e8a8febcecfc_997-91,4
7c4f8ef4-c126-46b7-8fa9-1b2daf5b41de_2272-79,2
a437e059-78be-4894-a7ab-dc27fa16d3f8_6791-07,0
307b1878-875f-4703-bfe9-32d11d20853f_32-44,1
b1543ea3-e86b-4545-9195-f1bf83e02b41_4163-19,2
5cab806a-3794-4578-94f2-33c3093151d1_433-69,3
5e193b30-3e79-4851-801b-dab99125cd44_3348-61,1
b5c3c1e3-7ee7-4b4a-b938-4d008d5aa49b_644-73,4
8b82316c-c293-49a7-b401-a3cc026ab1d0_2095-46,2
1c983176-b07a-4a69-ae51-de7829de6b6a_261-56,0
f0041c6c-06b2-4c3b-b8e6-934305b4226e_3757-69,0
6b7fc6db-e979-43a0-b61f-7dced89d423d_229-56,2
a4375d98-e295-4e7d-a718-d8af066e3d57_1708-23,2
19f2ea20-5041-4be2-bdc9-714473f16236_5269-91,1
fb8a0650-986c-4c08-9d97-ac432cca424e_70-34,0
820d4b9e-6fba-472f-aa45-25b27241d4af_366-20,1
9a732221-3adb-4903-b61d-9b8097965fbf_2751-77,4
750c5383-58f6-4063-8cc8-50691a68994d_562-01,3
24c447b6-094f-49a6-9c20-ed594ab0da65_0-04,0
2dfec7b6-c8b0-4cd0-baf6-4a963aed1d6a_1906-66,4
2dbdd409-0be0-447c-8ae8-3f107fe9af80_989-72,0
82e96128-1242-4e57-8a3e-9ea222df022c_2985-80,0
5ead8e7c-2600-44b1-afd6-b82cb5f7b9ce_567-35,2
20525d50-586a-4792-bfdb-fd941ee64ea9_547-93,3
6fc30ceb-ace8-49f8-8244-71f14c6d773c_936-70,0
d8936caf-0142-4ceb-bacc-70313a19f169_694-31,0
2893d559-89cb-4125-a761-3ff8e68768a9_638-82,3
261edec2-f089-4a74-b25f-ddf32c92f90c_801-93,3
570fc280-231c-4a3e-99c2-12eefed1c122_925-58,1
d3980f7e-2ef1-4b2b-b73a-2a7db7465660_452-63,3
75ee5afa-d891-4653-ac4c-d81db1a90af7_32-52,4
944aacb0-f596-460d-b5a6-9ae05df1d430_3528-77,4
63e9e643-25c5-435d-b6f0-0aab1af76e68_28-98,3
03ca4970-374e-4901-9895-81f262c0da5c_817-27,2
10a848ed-f258-4930-abdd-1fd60b788abc_75-21,1
1a50cd38-dda2-41d0-8a6f-294f17373d97_2829-22,2
170fb6c9-8550-4e82-bb9a-4ad574c0f0fa_7137-29,4
262fd2ec-8eba-44d9-8082-4d0574f7a515_3000-11,0
2dbdd409-0be0-447c-8ae8-3f107fe9af80_163-46,0
af400f98-3c57-46ad-acac-eaca6f940180_3131-59,3
d64fb34a-08fd-416c-ac6f-86a0813869a8_275-80,3
caa17bb0-2b04-49b0-8ccc-38b2803a3b1f_26-31,2
48d7d009-425f-4d1a-a6a9-a4742bd0d9fe_2561-43,1
963c1ecc-d25e-4c0a-b447-9b26f3778efc_207-31,3
9531cee8-0f60-4a68-8243-397ab7670a75_270-43,3
3b021bad-6945-4be2-a7db-44af3db1eae8_2667-18,0
620d3087-c6fb-4b08-bb6a-4dc4ede3b994_1607-58,4
a71f72c5-5225-4b12-aba3-01fa46f53427_914-96,3
ed792c47-5cb3-427c-a0e9-5dac33456e6a_1026-89,3
8b89d35d-5e19-4240-b45e-7a692cf962e3_392-22,3
baf15309-e865-4e9e-9efd-09097f1d5a43_412-45,1
49b14463-2172-4b0e-ad13-fdf9383e9a77_284-00,3
04b2f7a8-1d95-43c2-8b3b-8053b22dda52_810-37,3
fd2ae8b4-b683-4c4b-935c-78b4dadbdbf8_3041-68,2
92153977-6016-4863-be78-c4af25a56a0f_1117-24,2
600e392c-4be6-4b8b-bef8-e789ce3d8915_3230-09,4
ec02ed27-b697-44b0-ae18-a9275205bfee_9-72,0
abca0171-5e73-426e-9ba1-49a6339b2ef5_1825-89,1
470499d1-e015-4d45-a858-ca3e9566085e_961-34,0
8ed40810-09cf-4061-953c-9fff6e6d6aeb_122-51,2
1ea95f25-81f9-46b1-b7a1-c4ca58251c6f_1089-87,0
1eee4aaf-a21c-4ae5-82cd-96fdccae6742_761-92,1
44327c5e-9442-4334-b675-8019df3678af_2165-30,2
4de25e28-5a34-4fbe-bc83-200d513b4d9a_1123-59,4
ad851441-1f15-467e-83d8-48c764e220a8_975-45,1
4c64e0d9-72f4-427f-995d-112ef1a2b7a1_210-26,0
10a848ed-f258-4930-abdd-1fd60b788abc_294-40,1
99f41d39-cc65-4aad-b186-23b66e282f19_68-52,0
e6d852dd-2510-482f-ad25-3d731388ea44_141-52,2
261edec2-f089-4a74-b25f-ddf32c92f90c_1105-51,3
c34effc7-6198-4c85-80c7-c8be85b77dd3_5294-07,2
e402df54-0a64-424e-a7e6-3e68b18a761c_242-70,0
d1952343-6eaf-4317-ae19-6b48b292ad24_877-17,3
a1b38e9d-7225-46ab-ab17-a61b261faa36_1920-36,2
19f2ea20-5041-4be2-bdc9-714473f16236_2706-11,1
5e193b30-3e79-4851-801b-dab99125cd44_2971-00,1
6c0ca07f-6bb2-4db4-a0c3-5926726493fc_272-36,2
b79c342b-db1e-407e-958a-e1585c6c3ddd_3-67,4
71504f29-61c1-49e5-8617-d0e71144c077_652-01,4
ee3c00d5-9759-43b3-9116-3375227aadfd_15-30,4
f0041c6c-06b2-4c3b-b8e6-934305b4226e_6185-52,0
a2c3a84e-ae75-4e72-8a52-64511ed67080_919-81,2
ec85a806-d47f-4555-8c4c-20f59927e580_909-71,4
9a33e9f1-a740-4810-a624-62b0c9935741_831-69,4
89d8c9c5-fa11-4674-b08f-007f81958555_1391-21,4
c7e8af35-608f-4d18-b752-2f3140f5fcc4_772-15,2
5cab806a-3794-4578-94f2-33c3093151d1_391-05,3
5605bd9a-d151-4d5b-b0f6-cfc28ae6937e_3534-55,4
9d26362a-4411-4d8b-b114-03f4f89928d7_1156-78,3
a3f1b2f3-0735-4c65-b66e-5c397f3126c7_276-64,1
c2071026-add0-4546-8374-b6d04ddd94b1_0-04,1
622ab8aa-21f8-4ad0-99c3-7f4876850df7_193-96,3
5aa01f1b-351d-428b-a1be-1f2edaff6a0c_693-84,2
01d301c9-9dbf-4da2-9181-d66a6688f5e6_817-64,4
c34effc7-6198-4c85-80c7-c8be85b77dd3_5341-13,2
cc83fb01-1904-4917-8d11-2fe2c66a990c_5792-18,1
99a89af1-a535-477c-88a8-c0830ba33486_1246-37,4
89d8c9c5-fa11-4674-b08f-007f81958555_1665-43,4
ed31f134-b3f0-4f50-b8ae-d956b2f9ccfd_2025-02,3
70c8bd4f-bfe1-4fb5-82ad-7d763cc28935_756-65,3
f7d99eca-11d5-4d45-8d60-695c3cb2f07c_431-32,4
2dbdd409-0be0-447c-8ae8-3f107fe9af80_1626-43,0
348180aa-c90b-463a-8b3f-0743469a8b59_7126-75,2
49b14463-2172-4b0e-ad13-fdf9383e9a77_426-72,3
e623faab-101a-41a6-83ac-8e22b4371aba_1053-43,3
90398a2b-de6b-4232-9bea-149c48cb1326_334-80,1
4ff2e551-1ccb-44ce-8b68-09666397f681_554-17,3
a5bd4711-275b-4bbf-96fe-37553e5d3e93_480-52,1
6e68d2f9-6d37-4317-a3eb-9541321d558e_977-72,4
17be1d0a-f213-4126-ab6e-08e5c8ee5b93_4479-70,4
92153977-6016-4863-be78-c4af25a56a0f_394-80,2
bdeb0df9-2983-41bb-ba27-c431d9ef3163_1772-82,3
15c5a595-c577-4b4b-b26a-639517f140c9_1-82,3
af43394e-d24c-40c2-b03a-f3cdff888370_762-90,3
864618d9-cc17-4e90-8c64-7a1e4ba23d17_294-04,3
0d5f2917-e0bd-47cb-b887-1c14c69568f9_848-84,2
9d2ec4ad-945f-4614-b41f-24260de662f6_1664-30,4
d752fc52-9592-4cb5-910b-d09bb39261fd_420-77,0
5ab334f2-ecc8-4a05-96f8-4320225379b2_214-77,4
f5accd2a-0799-4345-9e0d-eb8d87a677a4_1449-87,1
05d5d7cf-9fb9-4390-bcd3-dd626b948771_1543-50,0
b6ae365a-dd70-42c4-90d6-e0351778d991_416-05,4
b9de7a2c-d02e-4d66-9556-381f0b7ca51a_3795-42,2
214b62df-2fb1-4b0e-af9d-42b0dd37defb_138-53,2
38a66acf-33c8-4ed5-b814-7322087b2e21_2113-44,0
262fd2ec-8eba-44d9-8082-4d0574f7a515_1038-82,0
4209376c-04be-47f0-b905-835fedde4cd0_5602-77,4
10a848ed-f258-4930-abdd-1fd60b788abc_489-09,1
f6da4761-4774-4e05-bb2a-beca6db68f51_4196-85,2
5ed59c41-af9e-4368-a0ce-30d536d34895_1575-15,1
c7da3efd-4a18-458e-90fd-f757ed966a63_380-64,2
e402df54-0a64-424e-a7e6-3e68b18a761c_62-43,0
3455a3f3-1657-46bb-ae42-52d16ec5ffaa_959-38,0
a12f0a2e-e066-4b65-8603-6754bb73e196_30-04,2
72c81e60-8604-4897-8cd5-71df5244acaa_1172-93,3
324ec8a1-3bd1-46b6-9abb-a824e53c0879_1801-82,4
86fb4797-274f-4807-848a-8b1ddc5c29e8_808-67,4
8fafc02a-ef7a-46f4-ae97-b0c68c8bb207_16014-05,3
f51552ce-3d91-448c-8770-9800a6b5aa50_1666-29,4
283a15b5-59ae-4f04-9738-bf49c97496a8_102-60,1
0f574f9b-00bc-479d-894b-9e7c999fe13a_302-98,3
6243586b-a8df-4c37-95f8-da7f4f5d57d6_513-82,2
c864505c-9d49-4da4-bf7e-254b4c348c03_191-07,3
18189ea3-00fd-428a-bbae-7549ddd9a97e_803-15,0
b3a0d595-d5b4-4e4b-9c52-337053871604_278-40,3
3091004e-8606-417e-8bc2-7922f951845f_73-46,0
d66f42bb-822b-444a-bce0-ddd15b29bd1b_7-30,0
e3f37c38-bf24-481f-b1c6-8d472fab4290_1679-92,2
d6f9d174-2d42-49e7-83e4-daa9e8b0aa25_432-24,3
d40be91b-85bb-4c47-ac18-52c4d044e3fc_5905-56,1
38788778-0822-4c9c-b51e-5bce8a765a97_91-28,1
b9b65293-fec8-494e-81e7-c4496aafba6f_1524-26,0
53e92e25-fe03-4311-9a17-c4f6a29ccad1_1365-15,4
6b7fc6db-e979-43a0-b61f-7dced89d423d_347-96,2
d1c7b7ec-506e-4c02-b008-8b5aaaf442d7_1891-93,0
3588502f-e1c1-426c-81d6-6fac28e6c81a_531-41,4
426eb9d9-d4cf-4acc-9efb-979f61a5be91_785-24,4
8b82316c-c293-49a7-b401-a3cc026ab1d0_3206-95,2
2859218c-84ee-4e85-833f-74255b355032_596-50,2
17be1d0a-f213-4126-ab6e-08e5c8ee5b93_1922-28,4
c34effc7-6198-4c85-80c7-c8be85b77dd3_5200-39,2
fb92d350-9bf9-4b16-8a1f-7858de276226_2190-65,0
ef641454-94d5-4fe4-bf21-710144143967_723-67,0
d0a861f7-3e5c-4836-9b43-29a0b3288165_1279-67,2
0696265e-aba2-401b-9316-c380c30c901e_878-07,1
89d8c9c5-fa11-4674-b08f-007f81958555_227-24,4
a5bd4711-275b-4bbf-96fe-37553e5d3e93_1659-18,1
a3c41b4b-6dc7-4e69-b04b-ca30b4f1c185_1014-12,4
fd2ae8b4-b683-4c4b-935c-78b4dadbdbf8_4100-48,2
f0b8d19e-28c0-4d11-bb2d-5c6576eb7dcb_138-10,1
7b5fafdb-136a-4722-84a4-cffb213a224a_2353-21,3
59764b58-1523-48b3-88d2-9fc07880e597_1504-77,4
39d1462e-506c-482b-9c9e-a94cffd71563_2316-87,3
c7da3efd-4a18-458e-90fd-f757ed966a63_8-87,2
695cefe9-04c0-42fb-80fc-d308b314b788_303-92,3
348f0f69-cd49-4c00-af91-f1765155e858_1127-21,3
ce19b572-7341-426a-8c2f-fe067344c98d_1914-35,3
2dbdd409-0be0-447c-8ae8-3f107fe9af80_1697-32,0
eb5cb2b0-59e6-45da-af1b-ba86c7ab0b54_705-79,0
cf3956a7-8cc6-4a99-8770-71a15c7e69c7_5040-48,4
cfa595aa-c467-48fe-a86b-2e9b1a63ccab_1218-24,0
1ce16a97-f614-4660-b21c-4205b33c8bab_1988-77,1
4c9777fc-1997-4dc8-a2d2-ea59c50b32f4_573-78,0
153cd84b-0345-4590-90f6-f66c294db429_799-88,2
3ae05e5a-f724-41e8-9000-90b7dd31379b_288-48,2
088add57-cf62-4ddd-9908-7eb738b0ec22_2767-48,0
68134357-62e5-4f0b-8300-2e661763aeb5_389-26,4
fd2ae8b4-b683-4c4b-935c-78b4dadbdbf8_3860-90,2
93a5f8cb-d7eb-4e5a-9913-77ef1487ce61_3858-22,4
d013010f-fca0-4fc0-9545-500318a8e91f_511-08,1
069c1058-881d-49da-b45d-b9f7e08fe932_475-96,0
8d4adc89-dcec-42ca-aebc-0d05cafa8f26_21-35,0
635cb327-1636-4fbc-a9ca-5a7adfc34b2e_0-40,0
134d9865-d9ee-47e5-a121-589a26c6b3ba_1586-50,4
39af7641-e376-4a99-977f-4d7f746e14ba_79-79,2
6639f53c-701d-4fe7-adcd-55d040ce8afe_0-03,0
df0b81a6-826c-4e9b-8921-392304716c0e_525-16,4
ecdc4071-1903-4024-a357-d0082720168e_454-42,2
792d0000-7dcd-4e6c-a486-7befe397233d_917-53,1
c23eaef5-7441-42b4-9456-9f5a4a1bd615_11-29,3
d74c95ba-e072-44f8-bb2f-2631379af06d_1057-19,4
d2985e7b-6dc8-4c7e-9aef-40d633895aa0_1413-23,1
f5778003-9aea-4ca0-9398-69299ba0331c_124-11,0
6f7f3410-1e20-4eb2-b7b0-088c1500054b_299-75,4
eabf19d3-4e52-4aee-8f14-5118626a078f_778-52,4
9a33e9f1-a740-4810-a624-62b0c9935741_2416-26,4
d3a0899e-2093-454c-9f65-30087883193a_399-22,4
3024e27a-237a-4b48-8ea9-b9b16181eaf1_49-89,0
e6d852dd-2510-482f-ad25-3d731388ea44_105-51,2
95f2caf6-c6f5-4471-9763-2957e248eb58_588-89,1
e70f4b34-432f-47dc-834f-5bc6bd67dc62_78-75,1
3f7f5927-02e7-42ea-a31a-edea41bc17f9_565-60,4
214b62df-2fb1-4b0e-af9d-42b0dd37defb_1307-44,2
11f247e0-179a-4b9d-8244-16fb918010a1_1002-90,2
2a97736a-4fff-4753-84de-e6586a5603cc_2712-24,2
93f78437-229d-4824-a8c1-68d9b17e754d_1063-21,3
85b87948-4578-4912-95cb-addd19cfd31a_1580-85,2
e00d8164-9996-48ed-8645-bb88ab30cc09_113-51,0
4651e5c2-4371-4af2-8f05-cb8b0b1ec7fd_233-33,0
dc4d0940-b35c-4700-af77-5f13bb530ad8_1063-54,2
f77f437c-4e60-43ef-a5e1-ce3881409455_1543-97,3
42d72164-8f4a-49e4-8b95-b3ad423ba65b_81-84,4
56da7a14-f3fe-4dd9-9acb-92917603f42c_469-73,2
1106ee5c-8829-460f-8454-c4a8348f5400_10077-91,4
af72c57c-b242-48b2-8d00-aea29f4e37ac_1063-17,0
8e605fdf-a4f1-4393-975a-f332ab6b5f79_167-81,1
48d7d009-425f-4d1a-a6a9-a4742bd0d9fe_2349-91,1
4f80ac6f-b78f-441b-b80d-fa8dd10756c4_471-91,1
e5d2cc2c-0a36-4bad-bf50-bc9347e99eca_1120-59,3
706de1df-babc-4e54-a310-1d9070140197_195-59,2
d64fb34a-08fd-416c-ac6f-86a0813869a8_437-60,3
c25111f0-0c78-4bf8-a16d-57a6c25c2169_3852-71,4
f1b5ae1e-742c-4802-9e61-ff8aae83e12e_459-05,2
828ef13f-f52a-4a16-b206-4ec7e471f025_274-71,0
40f3258a-f7d8-4b05-8b6a-bd9f8d5b85fb_792-58,3
e9e0f26d-3005-436a-a70f-7d99977808c8_1554-09,3
ed027cb2-5b92-4de2-ab58-69d42325ef15_266-43,1
bdd32b96-5baf-4d67-9975-34cdce64b0cc_240-16,2
a13a145f-920a-44ec-8aef-b489c097f4a7_171-91,3
0b38da1c-2b62-4c05-a68e-e8f2aafa47a8_1227-10,1
be7ede7a-c212-45ff-8601-e15dd2f7e531_1651-77,4
434a5651-9901-4b32-b782-d9a2bb52e805_711-02,3
e93fdf27-c14c-4794-b4b7-20685b40156f_1304-45,4
0b530687-26d8-4c9d-9771-c758ecd2ecbf_14604-13,3
dd82f801-fc96-4ced-b066-ad559da3faab_836-46,0
3efc152d-ea0e-4372-b552-7d5e1cf07259_6416-63,0
ecdc4071-1903-4024-a357-d0082720168e_44-12,2
b9b65293-fec8-494e-81e7-c4496aafba6f_2296-78,0
520374ca-09f9-4716-8176-dd289ea7baa9_659-75,0
dd82f801-fc96-4ced-b066-ad559da3faab_1788-27,0
9632b0a9-cf21-4773-b95b-83aae9a23d0a_630-61,2
e1b0b312-ce2d-41a0-be5a-70c807fcc5ef_2287-10,1
1acd2d5c-b0d4-4ec5-a54c-6a9c84cb11f6_773-39,4
54a421d2-763e-4751-a6b4-54e3d6c46cc1_1361-15,3
7c1c5dca-5856-4997-8cda-9fa3bca10a3b_1973-06,3
8c075dc9-9c6a-43cf-8c6e-fb1af3624cf0_842-26,4
e579ef82-c68f-44dc-8b0f-7fe62e20974c_2509-16,1
34590a11-c136-4423-bdc4-c6a45221e546_565-25,1
af400f98-3c57-46ad-acac-eaca6f940180_508-42,3
14a3d52a-e66c-4a4c-8f71-d86f7199993c_10-64,0
2ac65951-49b0-4629-981e-edc34b8cdb0f_1091-69,4
39208fca-0c54-48e9-b4f3-b4803bb67661_3315-32,1
90398a2b-de6b-4232-9bea-149c48cb1326_984-97,1
10a848ed-f258-4930-abdd-1fd60b788abc_345-05,1
4bf46557-3c5a-4a89-840d-158403590c9f_3687-37,3
38788778-0822-4c9c-b51e-5bce8a765a97_83-68,1
7a680a9a-dd7b-467a-a724-a597f1be9f06_2545-71,1
7b5fafdb-136a-4722-84a4-cffb213a224a_1092-90,3
526675a3-acea-4d5b-b5c9-ccb1b89f6e58_421-44,4
1a9a07d5-70ad-4e18-9740-66ea985a527b_945-60,3
a437e059-78be-4894-a7ab-dc27fa16d3f8_9861-81,0
7c1c5dca-5856-4997-8cda-9fa3bca10a3b_1061-91,3
f374039b-7f08-4dc3-af64-4e9ff61db531_2262-81,3
2efc9b47-0a23-4247-89a6-db46dae6c998_416-58,1
c79e05d5-eaf6-4323-a707-744020743037_763-82,1
949b2e8a-83f9-4b89-b29b-9e8d81600dd8_2242-73,0
e93fdf27-c14c-4794-b4b7-20685b40156f_1313-69,4
0b530687-26d8-4c9d-9771-c758ecd2ecbf_14330-76,3
1f61d972-e61b-4846-af3a-d09db9f111f8_1079-93,1
eb81442c-a322-49ea-b243-a39d2e288b9b_838-90,4
45c274b8-54e6-4187-9fd9-73c0b0ada28d_1281-25,1
2dbdd409-0be0-447c-8ae8-3f107fe9af80_1439-37,0
cd1d3c56-69ca-4602-944e-bb9fabb9710b_1865-43,2
a055e4e8-cc07-47c1-a438-06f45c4f724c_2257-57,1
7b5fafdb-136a-4722-84a4-cffb213a224a_1908-63,3
5a9ca82c-bb33-4f05-9e08-efd614269566_1201-43,3
1f6eb61d-74fa-411e-979c-2e66e71f2b7d_501-62,0
73f94b03-b777-481d-b342-10c516f192a2_3-08,0
fdbe0fbc-90a3-41b9-8898-a0c7ce3f966c_696-68,2
d64fb34a-08fd-416c-ac6f-86a0813869a8_290-32,3
214b62df-2fb1-4b0e-af9d-42b0dd37defb_2020-07,2
40b33c95-3689-4ec8-8765-7e926f623b75_726-75,2
b5c3c1e3-7ee7-4b4a-b938-4d008d5aa49b_521-60,4
42d72164-8f4a-49e4-8b95-b3ad423ba65b_1368-26,4
5c3be03c-07a5-4427-a2fe-449f16e8017b_787-88,4
ca1773b8-ec8e-4f61-8e8f-7e4211830793_835-99,3
5cf98bc1-012f-482d-86ee-9337d8747dce_1374-50,2
c00d3596-99db-4ea7-9a65-57ab4319d640_329-17,4
9b34e344-494d-4664-8180-a8ff2a692ab2_35-55,1
22653c79-369f-4a0d-a663-33a1da378fe0_292-96,4
bbd30b78-137a-4c75-a4e9-b51f62b3f04e_184-26,1
5aa8f84b-aea8-4e40-b710-82b93875e1ae_422-21,1
98fcbc28-9542-4f3c-9a03-73af08fb989d_1063-08,1
d36cf2fd-8916-4b69-b7a2-e9743675fb38_3568-39,2
8774b5c6-83aa-43b0-8a51-00f173949944_3529-30,0
4767de01-96e1-4cf4-80f4-1c9d3acd26ed_650-13,1
5f26c69f-6f1c-4041-a81f-3c4808e0a385_156-09,0
5b0225e8-b81b-42fe-aa08-b0732b46c8bd_1082-56,0
449e14cf-f05e-42ac-bb7e-0ba87617f95a_582-28,1
11663dd8-aa9d-429d-80e2-2807b341350e_224-01,2
c8b61175-cfa4-44f9-a88b-76609ffa4ca3_3008-85,2
95c0a226-5cb1-4380-af73-db2fcdbdbb76_174-41,0
2cddb76f-24d1-4863-bd91-9a5d1922a543_1368-59,2
8a0de6d0-5d28-43f5-91e6-48f41eeb3752_1074-03,2
63d56e4c-e454-48c2-a8f2-5bc2c34622ca_172-69,4
be82ebf1-5feb-4c1b-a71a-f668e3a17726_27-55,0
35b1a8c7-80fd-402f-b240-768926b7bcee_562-55,1
2dbdd409-0be0-447c-8ae8-3f107fe9af80_1653-80,0
af862b37-12f1-4b55-a1ca-1c162c4f98a0_3380-57,1
49f87e0a-cc34-447e-87ba-209e430aafb0_2852-27,2
1f6eb61d-74fa-411e-979c-2e66e71f2b7d_345-36,0
e95dbd21-3017-48f5-8f36-46531f053ab1_339-47,2
50c1df1c-e016-472a-b0ac-d297b0c82e87_3264-37,2
b959f479-0508-4f1b-96a5-1b17e86af8ce_1110-67,3
e623faab-101a-41a6-83ac-8e22b4371aba_1141-39,3
64049385-6855-4eed-8b3c-ce3e8d704008_1157-10,2
2d01625b-b7c4-41aa-989b-2d0b392d8b54_113-94,3
17be1d0a-f213-4126-ab6e-08e5c8ee5b93_1056-33,4
1270f0e2-1bc0-4225-bf6e-3dd68c594c8b_1984-62,3
db35b386-4c65-4c5e-a488-51b2aa5eb1fb_481-32,2
033520cd-e7e4-4649-b551-83bb451a4802_382-12,1
786877d8-e353-4fae-b488-8d7443646882_883-95,4
14e96091-4011-4557-95b3-a195fb5c39d8_919-08,1
7a33ca42-9a39-4d59-ba82-c9667c250f48_2200-51,3
f22115b5-b9be-4e30-8576-7c1fcecec480_21-27,2
ac8dba37-ce09-4dc5-b478-8194e41353c3_9451-92,0
9fc3678b-86e2-44ab-adbc-9aeda78ceb60_957-19,0
e5fea731-7b32-4857-a86b-587eda0ff334_979-09,0
0f3fa455-3622-4fb4-a3be-0c1a7fd697a7_1157-44,4
fb9fda68-f264-465d-9208-19876f5ef90f_63-03,1
18a3840b-7463-43c4-9aa9-b1d8e486fa84_2172-38,1
d40be91b-85bb-4c47-ac18-52c4d044e3fc_13523-54,1
ac8dba37-ce09-4dc5-b478-8194e41353c3_748-30,0
98fcbc28-9542-4f3c-9a03-73af08fb989d_1376-40,1
d64fb34a-08fd-416c-ac6f-86a0813869a8_494-32,3
6ef7f9c0-30eb-4280-acc1-55f22f6e2924_2998-83,1
744c58f8-9a76-40d4-838f-8c7676fcb316_139-70,2
513f572f-6d1c-4a8a-8b57-9c1d0aa363f7_1015-09,1
0f1024e6-ff80-46e2-aea8-3878f11bc1d7_201-92,3
786877d8-e353-4fae-b488-8d7443646882_1021-24,4
2b012751-2e50-4acb-b645-c864930e92c8_1119-28,1
366b71ad-3f35-4704-b6ef-e793c7e73ac6_1040-50,2
878666b9-5f3d-476a-960f-3a5d02da7619_6890-95,1
439cfa9c-ef6b-41ba-aa5d-2f40b195b374_1380-00,3
214b62df-2fb1-4b0e-af9d-42b0dd37defb_2181-76,2
5ab334f2-ecc8-4a05-96f8-4320225379b2_905-78,4
65d6d7a3-11f7-4472-82b9-527ca04fe25b_633-02,1
7a680a9a-dd7b-467a-a724-a597f1be9f06_3668-06,1
eb2c9739-dba0-479c-81b7-9dda51c4ac20_1465-40,2
225a1ffe-3e7e-4ff8-a47e-2e80989077fe_94-47,3
fec31c20-1910-4ab1-afc5-6aa3057a45f5_810-30,2
7c0c0057-3bbc-40ef-a91e-4d6e1a637642_1139-91,1
584fd34c-9bd5-44fd-8266-9d3161d8c790_3302-91,3
cd0c7d35-19cf-4ce2-9b40-0209547acde5_1447-25,1
d6f9d174-2d42-49e7-83e4-daa9e8b0aa25_1389-10,3
eb2c9739-dba0-479c-81b7-9dda51c4ac20_275-35,2
6fd90f8d-7a4d-425d-a812-3268db0b0342_1001-51,1
3178c414-453e-44e9-b192-67dba2ccc982_1088-81,4
6e4baf27-2090-4a90-816b-a35a0aff0e56_1099-34,0
aad332b0-a437-4bd9-9147-f580bb58c3f5_3472-99,0
b7022084-61ea-470f-b2cd-49be2ecaf3aa_688-07,0
4bf46557-3c5a-4a89-840d-158403590c9f_3598-37,3
d6f9d174-2d42-49e7-83e4-daa9e8b0aa25_270-04,3
072623e8-1889-4580-8175-ddc05a3dceb3_11-40,2
10a848ed-f258-4930-abdd-1fd60b788abc_788-28,1
7836e736-ef0a-40ed-9b77-b4c12a08b236_3090-06,0
c586c267-9ac3-45d5-a9aa-6deab0b9608d_246-72,0
53e92e25-fe03-4311-9a17-c4f6a29ccad1_3512-58,4
83f18213-f8f8-44fa-b9ce-104c6ddbcd57_1657-94,1
ac8704d3-ab1c-4412-a10e-befb387063b2_270-04,2
053ae0a6-937d-4bdc-8001-d3dfe7899811_1085-52,4
bb2297d3-91b7-4ec4-b39b-cc64694929db_0-03,0
fffbaeef-577f-45f0-baa9-f10cabf62dfb_278-37,0
42d72164-8f4a-49e4-8b95-b3ad423ba65b_1575-60,4
dced4894-d13a-4222-941b-5e4ecf1e3299_629-13,3
110f9870-6b6c-4a20-a3c8-8c2e29c53bb7_1388-88,3
f22115b5-b9be-4e30-8576-7c1fcecec480_12-52,2
a5bd4711-275b-4bbf-96fe-37553e5d3e93_156-00,1
