order,id,option_0,option_1,option_2,option_3,option_4,text_answer,text_confidence_1to5,video_answer,video_confidence_1to5,speech_would_change_yes_maybe_no,notes_cues_used
1,af215e0f-56c7-4356-9aad-a3a5fb7bbc4f_4328-60,Direct the person to a specific exhibit while briefly explaining its significance.,Engage both children in a quiet activity while you address their needs.,Offer refreshments and start a conversation with the person while cleaning up.,Place the child in a safe space while you tidy up the immediate area.,(blank),option_3,,option_3,,Maybe,
2,2dbdd409-0be0-447c-8ae8-3f107fe9af80_1502-69,Remove debris delicately from the surface of the object without causing damage.,Guide the person step-by-step on how to apply the paint to their object.,Apply the product evenly to each fingernail in sequence.,Blend the product smoothly onto the person's skin to create an even tone.,(blank),option_2,,option_2,,No,
3,e93fdf27-c14c-4794-b4b7-20685b40156f_1313-69,Follow the instructions provided by the person to properly wear the item as part of the exhibit experience.,Ask the person for a different size to try on.,Provide feedback on how the item fits the other person and suggest alternative options.,Discuss potential pressure points or discomfort areas and request recommendations for modifications.,(blank),option_1,,option_1,,Yes,
4,07536df6-9813-42d9-93df-35835407d8ee_170-76,Embrace the person warmly.,Walk to the car with the person.,Thank the person for their work.,Escort the person to their car.,(blank),option_0,,option_1,,Yes,
5,cfc42371-cd58-48df-8bc5-f2fb29a6091e_1273-98,Place the pet's food and water bowls near its bed.,Carefully examine the pet for injuries or illness signs; note findings.,Administer emergency first aid to calm and stabilize the pet.,"Document any damage caused by pets, using photos as evidence.",(blank),option_1,,None,,Maybe,
6,ea1818bb-a882-4de4-9e31-993f4cb98aa1_1361-82,"Continue posing as directed by the photographer, ignoring the stylist.",Present a detailed cost analysis and marketing strategy to both investors.,Ask the person offering opinions for their final thoughts on which outfit looks best.,Describe materials and techniques to potential customer; answer friend's questions later.,(blank),option_2,,option_3,,Yes,
7,5e7dbc32-08e0-4266-9bd3-27c412d1af7c_182-45,"Turn the attachment lock to remove the component, ensuring the fit is loose before lifting it away.",Pull the lever under the table to release the table leaf.,Push the release tabs simultaneously and slide the pieces apart gently.,Unscrew the fasteners by turning them counterclockwise until the piece comes apart.,(blank),option_0,,option_3,,Yes,
8,9fb1ce25-8a99-45ed-a28c-1492192d4964_1946-35,Note any damage or irregularities in the cabinet's condition and report them.,"Check security seals on cabinets, then log cabinet conditions and initiate patrol.",Confirm proper functionality of each component with the client before closing.,Immediately call for emergency services to mitigate equipment failure risk.,(blank),option_0,,option_0,,Yes,
9,e7752106-8e0c-47b5-a639-e701e659718c_740-06,Ask your friend if they want something to eat while watching the game for their comfort.,Share your screen to stream the game with your virtual friends and engage in conversation.,Initiate a conversation about the game with nearby patrons.,"Cheer quietly with your friends, keeping a respectful distance while enjoying the game together.",(blank),option_0,,option_0,,Maybe,
10,3f292ce2-fb0d-477e-b6b5-18c6ef38366e_889-07,Smooth the surface carefully to ensure it is even and prepared for the next stage of work.,Examine the structure closely to identify any potential risks or unstable areas.,Shape the surface of the sculpture to refine its texture and match the intended design.,Scrub the wall thoroughly to remove remaining marks and stains left by the graffiti.,(blank),option_3,,option_0,,No,
11,65d6d7a3-11f7-4472-82b9-527ca04fe25b_633-02,Join the conversation with the two people.,Offer assistance with food preparation.,Observe the scene rehearsal quietly.,Contribute ideas to the project discussion.,(blank),option_2,,option_2,,Yes,
12,e21a6f09-3df0-4bfb-a23b-47a1866aadf1_511-16,Demonstrate proper throwing technique with underhand motion.,Roll the ball gently to a person on the ground.,"Lightly toss the ball to a child, ensuring a safe landing.","Throw the ball to a person, aiming for their glove.",(blank),option_2,,option_3,,Maybe,
13,eb5cb2b0-59e6-45da-af1b-ba86c7ab0b54_824-48,Collaborate on building a makeshift shelter.,Follow instructions for setting up camp efficiently.,Share stories and enjoy the campfire.,Seek higher ground to use the satellite phone.,(blank),option_2,,option_2,,Maybe,
14,6b7fc6db-e979-43a0-b61f-7dced89d423d_229-56,Ask the persons for their opinions on a magazine article.,Share your thoughts on the evidence presented with other jurors.,Offer one of the pamphlets to each person waiting.,Present your department’s quarterly results to colleagues and initiate a discussion,(blank),None,,option_0,,Maybe,
15,2ac65951-49b0-4629-981e-edc34b8cdb0f_1349-72,Maintain a safe distance for observation.,Provide physical assistance as needed.,Continue walking alongside the person.,Offer your arm for support.,(blank),option_3,,option_2,,No,
16,1f216b72-21a2-4463-b5ae-13bffd779b4d_1694-44,Wrap the plastic tightly around the legs and back of the chair.,Cover the chair evenly with wrapping to protect it from dirt in transit.,"Layer the material gently over the structure, ensuring no pressure is applied.",Unwind the material slowly from around the chair and set it aside for disposal.,(blank),option_3,,option_2,,Maybe,
17,a6264c7d-d42a-4708-8fc2-b35ad0c5fe42_55-09,"Assemble the furniture carefully, periodically checking on the baby.",Focus solely on building the bookshelf to meet client's specifications.,"Complete crib assembly swiftly and efficiently, prioritizing safety.","Pause construction to interact with their toddler, then resume building.",(blank),option_0,,option_3,,No,
18,10c73f89-cc7d-4d43-b1df-b56703de1b24_711-97,Direct the other person to organize the jackets on the rack.,Retrieve the requested item from the high shelf and hand it to the person.,Place the jacket neatly onto the designated rack location.,Hand the credit card to the person behind the counter.,(blank),option_1,,option_3,,Maybe,
19,a4c1f23e-702e-49a1-9600-0538e4e2e7db_2889-59,Demonstrate how to properly secure the material and explain safe handling of the drill press.,Secure the rod firmly and operate the drill press to create a precise hole.,Loosen the fasteners on the machine part while coordinating with the other person to keep it stable.,Carve the wooden rod into the desired shape while stabilizing it on a portable workbench.,(blank),option_0,,option_2,,No,
20,7b5fafdb-136a-4722-84a4-cffb213a224a_1092-90,Collect fallen branches and debris into a pile for disposal.,Pull out the invasive plants by their roots and place them in a waste bag.,Shape the hedges evenly to create a clean and polished appearance.,Cut the overgrown weeds close to the ground to clear the area.,(blank),option_3,,option_1,,Yes,
21,f17f0d96-4d93-4e4b-83c5-fddfbc581bb3_963-95,Ask the other person if they need assistance finding a specific item.,Take notes about the cleanliness and organization of the store.,Pick up a piece of clothing from a rack to examine it more closely.,Suggest trying on a particular outfit to see how it looks.,(blank),option_0,,option_0,,Yes,
22,ac8dba37-ce09-4dc5-b478-8194e41353c3_748-30,Distribute the items by placing one in front of each person at their station.,Pick up one food item at a time and place it on your plate as the line moves forward.,"Place a produce item into a container carefully, ensuring each bin remains evenly filled.",Slide the bagged item across the table toward a person waiting at the end.,(blank),option_1,,None,,No,
23,42c08776-8832-4d37-8844-3ce89e405c62_1474-11,Show the security guard their student ID and explain their purpose.,Pay the cashier and leave the supermarket.,Thank the farmer for the sample and continue filming.,Examine the evidence bag thoroughly and log it into their report.,(blank),option_1,,option_1,,Maybe,
24,ec86fee5-ee10-46c5-b835-07c8a8d9651e_362-34,Position the stone carefully within the designated area of the layout.,Hand the removed brick pieces to the other person for disposal.,Use the trowel to smooth the surface of the material being applied.,Place the tile onto the adhesive layer and press it into position.,(blank),option_3,,option_2,,No,
25,bae603bd-dc3d-46a4-90b7-9c1e2bcd3970_966-87,Explain the contents on the screen intermittently while eating and offer more of a dish to the person.,Help position the utensil in the person's hand and describe the image on the screen.,Pass an item from the table to the person sitting across from you.,Handle the laptop carefully and ask for clarification about the hardware issue while eating politely.,(blank),option_2,,option_0,,Yes,
26,6b7e79ad-68c1-4637-a2d1-d7b8f92ac8a4_166-07,Hold up a piece of clothing and ask the person if they like it.,Hand the clothing items to the person for them to inspect and decide which ones to keep or donate.,Bring over clothes within reach and describe their features so the person can make a choice.,Suggest combinations of clothing pieces and explain how they match the person's preferences.,(blank),option_2,,option_0,,Yes,
27,d6f9d174-2d42-49e7-83e4-daa9e8b0aa25_831-84,"Locate the required ketchup, noting its location for the judges.",Check the ketchup aisle for the specific brand and variety.,Identify and record the sensory characteristics of the different ketchups.,Ask a supermarket employee for assistance locating the ketchup.,(blank),option_1,,option_1,,Maybe,
28,9df7c322-0e66-491d-bcf8-f10038b1eccf_229-80,"Politely accept the item, examine it briefly, and return it to the person.",Place the item gently on the table in front of the person.,"Listen to the person talking, nodding at points without interrupting them.",Place the food on the table and ask if anyone needs anything else.,(blank),option_0,,option_2,,Yes,
29,375ca7e7-1e3c-4159-9f7f-4691ef11f322_70-62,Ask the person organizing ingredients where they would like the potatoes placed.,Explain how to peel a potato using a tool while showing the process step by step.,Place the potatoes on the counter near the person cutting vegetables.,Hand the harvested potatoes to the person holding the basket.,(blank),option_2,,option_2,,Maybe,
30,cb0013d1-84a7-42c7-962a-3b00043365e5_1957-07,Show the coworker a painting on your phone.,Present the prototype's features to the team lead.,Point out the phone's damage to the customer.,Explain the phone's historical significance to the tourists.,(blank),option_2,,option_0,,No,