order,id,group,video_source,correct,sensibles,text_idx,text_correct,text_sensible,video_idx,video_correct,video_sensible,text_to_video,speech_would_change_yes_maybe_no,notes_cues_used
1,af215e0f-56c7-4356-9aad-a3a5fb7bbc4f_4328-60,Proxemics,iiith,2,2,3,0,0,3,0,0,wrong->wrong,Maybe,
2,2dbdd409-0be0-447c-8ae8-3f107fe9af80_1502-69,Proxemics,nus,2,2,2,1,1,2,1,1,right->right,No,
3,e93fdf27-c14c-4794-b4b7-20685b40156f_1313-69,Proxemics,frl_track_1_public,1,1|2|3,1,1,1,1,1,1,right->right,Yes,
4,07536df6-9813-42d9-93df-35835407d8ee_170-76,Proxemics,minnesota,1,1|3,0,0,0,1,1,1,wrong->right,Yes,
5,cfc42371-cd58-48df-8bc5-f2fb29a6091e_1273-98,Safety,minnesota,0,0|1,1,0,1,4,0,0,wrong->wrong,Maybe,
6,ea1818bb-a882-4de4-9e31-993f4cb98aa1_1361-82,Communication/Legibility,frl_track_1_public,2,2|3,2,1,1,3,0,1,right->wrong,Yes,
7,5e7dbc32-08e0-4266-9bd3-27c412d1af7c_182-45,Safety,minnesota,0,0|2|3,0,1,1,3,0,1,right->wrong,Yes,
8,9fb1ce25-8a99-45ed-a28c-1492192d4964_1946-35,Safety,iiith,0,0|1|3,0,1,1,0,1,1,right->right,Yes,
9,e7752106-8e0c-47b5-a639-e701e659718c_740-06,Communication/Legibility,iiith,3,3,0,0,0,0,0,0,wrong->wrong,Maybe,
10,3f292ce2-fb0d-477e-b6b5-18c6ef38366e_889-07,Safety,iiith,0,0,3,0,0,0,1,1,wrong->right,No,
11,65d6d7a3-11f7-4472-82b9-527ca04fe25b_633-02,Communication/Legibility,nus,0,0,2,0,0,2,0,0,wrong->wrong,Yes,
12,e21a6f09-3df0-4bfb-a23b-47a1866aadf1_511-16,Communication/Legibility,minnesota,3,3,2,0,0,3,1,1,wrong->right,Maybe,
13,eb5cb2b0-59e6-45da-af1b-ba86c7ab0b54_824-48,Proxemics,minnesota,2,0|1|2,2,1,1,2,1,1,right->right,Maybe,
14,6b7fc6db-e979-43a0-b61f-7dced89d423d_229-56,Communication/Legibility,frl_track_1_public,0,0|1,4,0,0,0,1,1,wrong->right,Maybe,
15,2ac65951-49b0-4629-981e-edc34b8cdb0f_1349-72,Proxemics,minnesota,2,1|2|3,3,0,1,2,1,1,wrong->right,No,
16,1f216b72-21a2-4463-b5ae-13bffd779b4d_1694-44,Safety,minnesota,0,0,3,0,0,2,0,0,wrong->wrong,Maybe,
17,a6264c7d-d42a-4708-8fc2-b35ad0c5fe42_55-09,Safety,minnesota,0,0|3,0,1,1,3,0,1,right->wrong,No,
18,10c73f89-cc7d-4d43-b1df-b56703de1b24_711-97,Communication/Legibility,frl_track_1_public,3,3,1,0,0,3,1,1,wrong->right,Maybe,
19,a4c1f23e-702e-49a1-9600-0538e4e2e7db_2889-59,Safety,iiith,1,0|1,0,0,1,2,0,0,wrong->wrong,No,
20,7b5fafdb-136a-4722-84a4-cffb213a224a_1092-90,Safety,kaust,3,0|1|2|3,3,1,1,1,0,1,right->wrong,Yes,
21,f17f0d96-4d93-4e4b-83c5-fddfbc581bb3_963-95,Proxemics,frl_track_1_public,2,2|3,0,0,0,0,0,0,wrong->wrong,Yes,
22,ac8dba37-ce09-4dc5-b478-8194e41353c3_748-30,Communication/Legibility,iiith,3,3,1,0,0,4,0,0,wrong->wrong,No,
23,42c08776-8832-4d37-8844-3ce89e405c62_1474-11,Proxemics,frl_track_1_public,1,1,1,1,1,1,1,1,right->right,Maybe,
24,ec86fee5-ee10-46c5-b835-07c8a8d9651e_362-34,Safety,iiith,2,2,3,0,0,2,1,1,wrong->right,No,
25,bae603bd-dc3d-46a4-90b7-9c1e2bcd3970_966-87,Safety,kaust,3,0|3,2,0,0,0,0,1,wrong->wrong,Yes,
26,6b7e79ad-68c1-4637-a2d1-d7b8f92ac8a4_166-07,Communication/Legibility,frl_track_1_public,0,0|3,2,0,0,0,1,1,wrong->right,Yes,
27,d6f9d174-2d42-49e7-83e4-daa9e8b0aa25_831-84,Proxemics,frl_track_1_public,1,1|3,1,1,1,1,1,1,right->right,Maybe,
28,9df7c322-0e66-491d-bcf8-f10038b1eccf_229-80,Proxemics,nus,2,2,0,0,0,2,1,1,wrong->right,Yes,
29,375ca7e7-1e3c-4159-9f7f-4691ef11f322_70-62,Communication/Legibility,bristol,1,1,2,0,0,2,0,0,wrong->wrong,Maybe,
30,cb0013d1-84a7-42c7-962a-3b00043365e5_1957-07,Communication/Legibility,iiith,1,1,2,0,0,0,0,0,wrong->wrong,No,
