order,id,group,correct,sensibles,correct_norm_categories,video_source
1,af215e0f-56c7-4356-9aad-a3a5fb7bbc4f_4328-60,Proxemics,2,2,Politeness|Proxemics|Cooperation,iiith
2,2dbdd409-0be0-447c-8ae8-3f107fe9af80_1502-69,Proxemics,2,2,Proxemics,nus
3,e93fdf27-c14c-4794-b4b7-20685b40156f_1313-69,Proxemics,1,1|2|3,Proxemics|Cooperation,frl_track_1_public
4,07536df6-9813-42d9-93df-35835407d8ee_170-76,Proxemics,1,1|3,Proxemics|Coordination/Proactivity,minnesota
5,cfc42371-cd58-48df-8bc5-f2fb29a6091e_1273-98,Safety,0,0|1,Safety|Cooperation,minnesota
6,ea1818bb-a882-4de4-9e31-993f4cb98aa1_1361-82,Communication/Legibility,2,2|3,Politeness|Communication/Legibility,frl_track_1_public
7,5e7dbc32-08e0-4266-9bd3-27c412d1af7c_182-45,Safety,0,0|2|3,Safety|Cooperation,minnesota
8,9fb1ce25-8a99-45ed-a28c-1492192d4964_1946-35,Safety,0,0|1|3,Safety,iiith
9,e7752106-8e0c-47b5-a639-e701e659718c_740-06,Communication/Legibility,3,3,Politeness|Communication/Legibility|Privacy,iiith
10,3f292ce2-fb0d-477e-b6b5-18c6ef38366e_889-07,Safety,0,0,Safety|Cooperation,iiith
11,65d6d7a3-11f7-4472-82b9-527ca04fe25b_633-02,Communication/Legibility,0,0,Communication/Legibility|Cooperation,nus
12,e21a6f09-3df0-4bfb-a23b-47a1866aadf1_511-16,Communication/Legibility,3,3,Cooperation|Communication/Legibility,minnesota
13,eb5cb2b0-59e6-45da-af1b-ba86c7ab0b54_824-48,Proxemics,2,0|1|2,Proxemics|Politeness,minnesota
14,6b7fc6db-e979-43a0-b61f-7dced89d423d_229-56,Communication/Legibility,0,0|1,Communication/Legibility|Politeness,frl_track_1_public
15,2ac65951-49b0-4629-981e-edc34b8cdb0f_1349-72,Proxemics,2,1|2|3,Proxemics,minnesota
16,1f216b72-21a2-4463-b5ae-13bffd779b4d_1694-44,Safety,0,0,Safety|Cooperation,minnesota
17,a6264c7d-d42a-4708-8fc2-b35ad0c5fe42_55-09,Safety,0,0|3,Safety|Cooperation,minnesota
18,10c73f89-cc7d-4d43-b1df-b56703de1b24_711-97,Communication/Legibility,3,3,Politeness|Communication/Legibility,frl_track_1_public
19,a4c1f23e-702e-49a1-9600-0538e4e2e7db_2889-59,Safety,1,0|1,Safety|Coordination/Proactivity,iiith
20,7b5fafdb-136a-4722-84a4-cffb213a224a_1092-90,Safety,3,0|1|2|3,Safety,kaust
21,f17f0d96-4d93-4e4b-83c5-fddfbc581bb3_963-95,Proxemics,2,2|3,Proxemics,frl_track_1_public
22,ac8dba37-ce09-4dc5-b478-8194e41353c3_748-30,Communication/Legibility,3,3,Politeness|Communication/Legibility,iiith
23,42c08776-8832-4d37-8844-3ce89e405c62_1474-11,Proxemics,1,1,Proxemics|Coordination/Proactivity|Cooperation,frl_track_1_public
24,ec86fee5-ee10-46c5-b835-07c8a8d9651e_362-34,Safety,2,2,Safety|Cooperation,iiith
25,bae603bd-dc3d-46a4-90b7-9c1e2bcd3970_966-87,Safety,3,0|3,Politeness|Safety,kaust
26,6b7e79ad-68c1-4637-a2d1-d7b8f92ac8a4_166-07,Communication/Legibility,0,0|3,Communication/Legibility|Politeness,frl_track_1_public
27,d6f9d174-2d42-49e7-83e4-daa9e8b0aa25_831-84,Proxemics,1,1|3,Proxemics|Coordination/Proactivity,frl_track_1_public
28,9df7c322-0e66-491d-bcf8-f10038b1eccf_229-80,Proxemics,2,2,Politeness|Proxemics|Coordination/Proactivity,nus
29,375ca7e7-1e3c-4159-9f7f-4691ef11f322_70-62,Communication/Legibility,1,1,Cooperation|Communication/Legibility,bristol
30,cb0013d1-84a7-42c7-962a-3b00043365e5_1957-07,Communication/Legibility,1,1,Cooperation|Communication/Legibility|Coordination/Proactivity,iiith
