id,group,video_source,probe_pred
8d85aa58-438d-413c-b8b3-ae5417737c5c_1900-47,Communication/Legibility,iiith,Communication/Legibility
b925520a-853c-442e-8a39-6679cce1e9f4_1253-01,Communication/Legibility,frl_track_1_public,Communication/Legibility
c6b1f7dc-3301-46e6-867a-312a5f8e7a0f_13-11,Communication/Legibility,nus,Proxemics
5605bd9a-d151-4d5b-b0f6-cfc28ae6937e_4053-60,Communication/Legibility,iiith,Safety
7220ce3a-b740-44db-815d-222d914e2dfd_114-26,Communication/Legibility,frl_track_1_public,Proxemics
cb0013d1-84a7-42c7-962a-3b00043365e5_1957-07,Communication/Legibility,iiith,Safety
e21a6f09-3df0-4bfb-a23b-47a1866aadf1_511-16,Communication/Legibility,minnesota,Proxemics
c58e1887-0314-4cb3-a09d-5ba529d8eda0_6-27,Communication/Legibility,minnesota,Proxemics
cd1d3c56-69ca-4602-944e-bb9fabb9710b_1865-43,Communication/Legibility,nus,Communication/Legibility
ea1818bb-a882-4de4-9e31-993f4cb98aa1_1361-82,Communication/Legibility,frl_track_1_public,Communication/Legibility
3024e27a-237a-4b48-8ea9-b9b16181eaf1_49-89,Communication/Legibility,nus,Proxemics
9155f5b9-6235-484f-990d-fbd3010a791e_1650-00,Communication/Legibility,kaust,Communication/Legibility
3091004e-8606-417e-8bc2-7922f951845f_73-46,Communication/Legibility,iiith,Safety
a48f66dc-d07c-4ca9-aa3b-b08ea5802194_1914-01,Communication/Legibility,nus,Proxemics
85b87948-4578-4912-95cb-addd19cfd31a_1580-85,Communication/Legibility,iiith,Safety
ea1818bb-a882-4de4-9e31-993f4cb98aa1_1362-76,Communication/Legibility,frl_track_1_public,Communication/Legibility
e93fdf27-c14c-4794-b4b7-20685b40156f_1304-45,Communication/Legibility,frl_track_1_public,Proxemics
ca22ace6-2d0e-4e0b-98d4-60544e5af4d5_4682-68,Communication/Legibility,indiana,Communication/Legibility
56504e4e-a228-4b28-baa4-1ce2de03c2d4_1630-93,Communication/Legibility,iiith,Communication/Legibility
5605bd9a-d151-4d5b-b0f6-cfc28ae6937e_457-07,Communication/Legibility,iiith,Safety
3ffb9247-a141-4056-a644-dd3fbab708a4_364-69,Communication/Legibility,minnesota,Communication/Legibility
d0396c77-6ecc-4d9f-bda1-af051699d0cf_3645-32,Communication/Legibility,iiith,Safety
a448297b-ae62-4712-bc4f-849b39176558_2588-08,Communication/Legibility,minnesota,Proxemics
af0cc15a-5452-42fb-92dd-a3f50136bf12_3147-74,Communication/Legibility,frl_track_1_public,Communication/Legibility
c0eea386-412b-4127-a2d3-352322a0038c_830-51,Communication/Legibility,kaust,Communication/Legibility
2d01625b-b7c4-41aa-989b-2d0b392d8b54_328-63,Communication/Legibility,frl_track_1_public,Proxemics
0d08f503-89df-4dd8-a238-4e1749d2fe22_5-63,Communication/Legibility,minnesota,Safety
54a421d2-763e-4751-a6b4-54e3d6c46cc1_676-59,Communication/Legibility,minnesota,Proxemics
bd96484b-6f8c-492b-8969-cae99c868b4d_2855-28,Communication/Legibility,iiith,Safety
c3acdda3-cd92-48c3-9052-45b57cb27e5a_1390-16,Communication/Legibility,minnesota,Proxemics
98fcbc28-9542-4f3c-9a03-73af08fb989d_1063-08,Communication/Legibility,frl_track_1_public,Communication/Legibility
f8c9dee9-a82f-46e8-9cd5-9380e197ac25_28-43,Communication/Legibility,frl_track_1_public,Proxemics
0548b16c-cc3f-475d-82a4-9a73109d4327_1779-11,Communication/Legibility,minnesota,Proxemics
dd0aa717-59d8-4d8a-9f11-21be827fb184_406-80,Communication/Legibility,frl_track_1_public,Communication/Legibility
af8dda66-0025-4ee4-9888-b568b28986e6_3283-52,Communication/Legibility,frl_track_1_public,Proxemics
bdb29a9e-d6d4-4918-9870-464abeae48d2_837-68,Communication/Legibility,kaust,Safety
45c274b8-54e6-4187-9fd9-73c0b0ada28d_109-66,Communication/Legibility,nus,Proxemics
62103d3d-d89d-4f54-a766-1beb22eb994b_179-41,Communication/Legibility,iiith,Safety
b7022084-61ea-470f-b2cd-49be2ecaf3aa_18-42,Communication/Legibility,frl_track_1_public,Proxemics
b7ae78cd-458a-4fbc-b9d8-212fe98a5095_270-04,Communication/Legibility,frl_track_1_public,Communication/Legibility
49f87e0a-cc34-447e-87ba-209e430aafb0_4558-50,Communication/Legibility,iiith,Safety
668962c9-ecae-4b8f-bdc1-a6aeab093d88_1333-29,Communication/Legibility,frl_track_1_public,Communication/Legibility
bf4a69c2-2c0b-4810-991b-3eb35e7dd2f3_1088-56,Communication/Legibility,iiith,Safety
2b7ace86-149f-4354-b617-c8ebd08c5310_381-65,Communication/Legibility,frl_track_1_public,Proxemics
d2985e7b-6dc8-4c7e-9aef-40d633895aa0_1413-23,Communication/Legibility,frl_track_1_public,Proxemics
b2508929-e3e4-4583-b1db-41dc3bb0fd21_542-36,Communication/Legibility,minnesota,Proxemics
f26eb8a6-2ac4-4aa4-a500-1e738d8c8b13_1596-52,Communication/Legibility,kaust,Safety
3f292ce2-fb0d-477e-b6b5-18c6ef38366e_2018-00,Communication/Legibility,iiith,Safety
c824d4e5-298a-462b-a408-28a85a7364af_126-28,Communication/Legibility,frl_track_1_public,Proxemics
6a793116-6fc3-4706-9bbb-8ba2088ec8db_746-34,Communication/Legibility,iiith,Safety
695cefe9-04c0-42fb-80fc-d308b314b788_303-92,Communication/Legibility,frl_track_1_public,Communication/Legibility
421a0364-6ed6-4bd4-8db2-5de8e245c9bc_549-95,Communication/Legibility,iiith,Safety
e95dbd21-3017-48f5-8f36-46531f053ab1_547-92,Communication/Legibility,frl_track_1_public,Proxemics
7474f654-b43a-463c-a1a1-f8c62cef1e64_1721-20,Communication/Legibility,minnesota,Proxemics
05d5d7cf-9fb9-4390-bcd3-dd626b948771_1543-50,Communication/Legibility,iiith,Safety
93f78437-229d-4824-a8c1-68d9b17e754d_1063-13,Communication/Legibility,bristol,Proxemics
378af037-7200-4d75-8f83-ddc74e1cd2dc_3511-24,Communication/Legibility,frl_track_1_public,Communication/Legibility
5cff48d5-d4e3-465f-8302-64cd493aba53_399-10,Communication/Legibility,iiith,Safety
1270f0e2-1bc0-4225-bf6e-3dd68c594c8b_1984-62,Communication/Legibility,iiith,Safety
ed027cb2-5b92-4de2-ab58-69d42325ef15_1281-72,Communication/Legibility,frl_track_1_public,Communication/Legibility
67a8114b-7f37-443d-8beb-64886095f935_636-28,Communication/Legibility,minnesota,Proxemics
e95dbd21-3017-48f5-8f36-46531f053ab1_424-29,Communication/Legibility,frl_track_1_public,Communication/Legibility
e2dd39cb-63e2-4ebb-b99a-ad7ff579b048_78-33,Communication/Legibility,iiith,Safety
dd508a2a-1ea7-43d2-805a-8080eeae9985_1035-99,Communication/Legibility,iiith,Safety
c586c267-9ac3-45d5-a9aa-6deab0b9608d_246-72,Communication/Legibility,minnesota,Proxemics
d6f9d174-2d42-49e7-83e4-daa9e8b0aa25_211-63,Communication/Legibility,frl_track_1_public,Communication/Legibility
b5c3c1e3-7ee7-4b4a-b938-4d008d5aa49b_521-60,Communication/Legibility,nus,Communication/Legibility
8672b38a-7682-4244-ad7a-a336c81c2d0e_1056-99,Communication/Legibility,frl_track_1_public,Communication/Legibility
695cefe9-04c0-42fb-80fc-d308b314b788_443-90,Communication/Legibility,frl_track_1_public,Communication/Legibility
8d4adc89-dcec-42ca-aebc-0d05cafa8f26_21-35,Communication/Legibility,minnesota,Proxemics
9520f703-8904-4123-bd7f-873b0b42074b_989-29,Communication/Legibility,frl_track_1_public,Communication/Legibility
8dd6490b-6291-4793-b05e-79250f87925f_1530-13,Communication/Legibility,minnesota,Safety
2d01625b-b7c4-41aa-989b-2d0b392d8b54_113-94,Communication/Legibility,frl_track_1_public,Proxemics
428a80ce-ccc8-46e3-9cbb-419d224f148a_679-57,Communication/Legibility,frl_track_1_public,Communication/Legibility
d0396c77-6ecc-4d9f-bda1-af051699d0cf_4546-97,Communication/Legibility,iiith,Safety
3761fbb4-3e0e-4b15-a277-fec95edacf04_4702-37,Communication/Legibility,iiith,Safety
c0a19ccf-66ad-44b5-9b3d-2f20d49bc0a8_296-47,Communication/Legibility,frl_track_1_public,Proxemics
3761fbb4-3e0e-4b15-a277-fec95edacf04_1783-59,Communication/Legibility,iiith,Safety
b4b27c5b-2b73-4083-a41c-a6a960475c1a_1618-99,Communication/Legibility,frl_track_1_public,Communication/Legibility
65d6d7a3-11f7-4472-82b9-527ca04fe25b_633-02,Communication/Legibility,nus,Communication/Legibility
45c274b8-54e6-4187-9fd9-73c0b0ada28d_1281-25,Communication/Legibility,nus,Proxemics
53e92e25-fe03-4311-9a17-c4f6a29ccad1_3512-58,Communication/Legibility,iiith,Safety
ab865129-78fa-47d4-8a50-ff8c5533246f_318-49,Communication/Legibility,nus,Communication/Legibility
ab865129-78fa-47d4-8a50-ff8c5533246f_1028-44,Communication/Legibility,nus,Communication/Legibility
d64fb34a-08fd-416c-ac6f-86a0813869a8_275-80,Communication/Legibility,minnesota,Safety
35b37e37-6bb1-4131-be37-693e9b794a97_1345-02,Communication/Legibility,bristol,Communication/Legibility
f1253f94-69c2-4f65-b8dc-e0f24c7677b4_1541-37,Communication/Legibility,iiith,Safety
45ed20a0-ba4b-41f2-9498-6084fc15d1e3_113-72,Communication/Legibility,frl_track_1_public,Proxemics
cd0c7d35-19cf-4ce2-9b40-0209547acde5_1365-10,Communication/Legibility,frl_track_1_public,Communication/Legibility
c3acdda3-cd92-48c3-9052-45b57cb27e5a_1467-01,Communication/Legibility,minnesota,Proxemics
9490a06b-3fa1-47b6-b470-facb3d61ac57_599-12,Communication/Legibility,nus,Communication/Legibility
8f47201d-0398-4442-af65-0dde73284c7f_1370-37,Communication/Legibility,frl_track_1_public,Communication/Legibility
f668b2c9-d376-411b-96e5-7d7379fae824_107-18,Communication/Legibility,minnesota,Safety
64792a03-b8ea-4fdc-96d8-1e1199b73658_1352-24,Communication/Legibility,nus,Communication/Legibility
6fc30ceb-ace8-49f8-8244-71f14c6d773c_936-70,Communication/Legibility,minnesota,Proxemics
6b7fc6db-e979-43a0-b61f-7dced89d423d_229-56,Communication/Legibility,frl_track_1_public,Proxemics
98334b78-967f-4980-ba86-56d34b4aaf2e_1109-83,Communication/Legibility,frl_track_1_public,Communication/Legibility
dced4894-d13a-4222-941b-5e4ecf1e3299_629-13,Communication/Legibility,iiith,Safety
c864505c-9d49-4da4-bf7e-254b4c348c03_540-20,Communication/Legibility,nus,Communication/Legibility
0f82d425-f8be-4e69-8c59-0a1a2e980b20_518-50,Communication/Legibility,minnesota,Communication/Legibility
8c3c68c9-eeec-4f51-881f-3cc6340679ec_1138-68,Communication/Legibility,frl_track_1_public,Proxemics
20525d50-586a-4792-bfdb-fd941ee64ea9_547-93,Communication/Legibility,frl_track_1_public,Proxemics
27f9cd4e-8b61-477c-9b63-ca3d437a0dff_250-50,Communication/Legibility,iiith,Safety
0cd16e31-6045-45ea-b0d7-105116f9e6d1_646-65,Communication/Legibility,minnesota,Proxemics
a7448853-2414-42b1-998c-0f56594e437a_155-55,Communication/Legibility,iiith,Communication/Legibility
4dc1caff-6353-4a05-9382-92031b25f783_279-42,Communication/Legibility,kaust,Proxemics
0696265e-aba2-401b-9316-c380c30c901e_878-07,Communication/Legibility,frl_track_1_public,Proxemics
ea1818bb-a882-4de4-9e31-993f4cb98aa1_622-65,Communication/Legibility,frl_track_1_public,Communication/Legibility
9fb1ce25-8a99-45ed-a28c-1492192d4964_1957-11,Communication/Legibility,iiith,Safety
fdbe0fbc-90a3-41b9-8898-a0c7ce3f966c_672-30,Communication/Legibility,minnesota,Proxemics
9d26362a-4411-4d8b-b114-03f4f89928d7_1156-78,Communication/Legibility,minnesota,Communication/Legibility
608f2b9c-d004-42db-9f0c-e89b203dfb01_8-92,Communication/Legibility,iiith,Communication/Legibility
e9e0f26d-3005-436a-a70f-7d99977808c8_1690-81,Communication/Legibility,minnesota,Proxemics
9fb1ce25-8a99-45ed-a28c-1492192d4964_1100-54,Communication/Legibility,iiith,Safety
b0937ec3-7645-4f68-b9cd-549ff7c01819_2030-83,Communication/Legibility,kaust,Proxemics
fec31c20-1910-4ab1-afc5-6aa3057a45f5_825-86,Communication/Legibility,frl_track_1_public,Communication/Legibility
7b5fafdb-136a-4722-84a4-cffb213a224a_1908-63,Communication/Legibility,kaust,Safety
2137f7a2-dce3-4d95-859d-ad2a50b0cd09_1373-29,Communication/Legibility,frl_track_1_public,Communication/Legibility
b5c3c1e3-7ee7-4b4a-b938-4d008d5aa49b_757-55,Communication/Legibility,nus,Proxemics
3178c414-453e-44e9-b192-67dba2ccc982_565-83,Communication/Legibility,frl_track_1_public,Proxemics
7a680a9a-dd7b-467a-a724-a597f1be9f06_3668-06,Communication/Legibility,kaust,Proxemics
cb9de2c6-ff1a-48e8-b170-047e9471b588_931-60,Communication/Legibility,frl_track_1_public,Proxemics
7627344d-503f-4a25-b418-10a6929d5a18_842-97,Communication/Legibility,kaust,Proxemics
044a7a23-9305-4971-82ac-aa1a3dc154be_214-77,Communication/Legibility,iiith,Communication/Legibility
dd0aa717-59d8-4d8a-9f11-21be827fb184_1260-03,Communication/Legibility,frl_track_1_public,Communication/Legibility
555ff1a5-c30b-434c-a251-b5105cdc1fb9_1647-31,Communication/Legibility,kaust,Communication/Legibility
cb87d2ca-dc4f-4e1c-a13f-a8fe7dc952e9_98-75,Communication/Legibility,minnesota,Proxemics
5f26c69f-6f1c-4041-a81f-3c4808e0a385_156-09,Communication/Legibility,frl_track_1_public,Communication/Legibility
4fde0689-6bc3-49d4-8d54-bf4cfe0ad287_403-70,Communication/Legibility,frl_track_1_public,Communication/Legibility
cb8df5e7-af5c-4211-b779-0568f94c7ded_3375-73,Communication/Legibility,iiith,Communication/Legibility
596760c3-b1d6-453c-916c-ecbc30ab1c5d_1349-91,Communication/Legibility,iiith,Safety
7c4f8ef4-c126-46b7-8fa9-1b2daf5b41de_2272-79,Communication/Legibility,iiith,Safety
4d45174a-6a77-48cd-a8f2-9b93e2d47f07_653-18,Communication/Legibility,iiith,Communication/Legibility
76f450c1-3542-4f8a-964c-66c857a23601_671-42,Communication/Legibility,frl_track_1_public,Proxemics
3ab744ba-9969-452c-a825-38affebd4139_319-13,Communication/Legibility,bristol,Communication/Legibility
6070d9d1-9962-49f3-8ac7-4e29ca07e104_164-20,Communication/Legibility,nus,Communication/Legibility
6f93978d-a3d0-467d-b401-e23b3c92f3bf_5298-67,Communication/Legibility,iiith,Safety
7a680a9a-dd7b-467a-a724-a597f1be9f06_2545-71,Communication/Legibility,kaust,Proxemics
54a421d2-763e-4751-a6b4-54e3d6c46cc1_1361-15,Communication/Legibility,minnesota,Proxemics
f965d286-b521-402f-9a0e-c73b49e9806e_32-71,Communication/Legibility,minnesota,Safety
e6e3919c-7c2e-491e-bde8-053715f0d851_472-28,Communication/Legibility,minnesota,Proxemics
b5d691f6-1618-467e-9fc9-d2ebd8eaafe4_836-72,Communication/Legibility,iiith,Safety
cb87d2ca-dc4f-4e1c-a13f-a8fe7dc952e9_11-49,Communication/Legibility,minnesota,Proxemics
1c983176-b07a-4a69-ae51-de7829de6b6a_261-56,Communication/Legibility,frl_track_1_public,Communication/Legibility
944aacb0-f596-460d-b5a6-9ae05df1d430_3528-77,Communication/Legibility,iiith,Safety
a3f6b937-bb29-4cc4-9f4b-27080ddca7c7_437-97,Communication/Legibility,minnesota,Proxemics
cd0c7d35-19cf-4ce2-9b40-0209547acde5_284-45,Communication/Legibility,frl_track_1_public,Communication/Legibility
e58207f1-84ec-424b-a997-ff64a57eb13b_1893-21,Communication/Legibility,frl_track_1_public,Communication/Legibility
088add57-cf62-4ddd-9908-7eb738b0ec22_2767-48,Communication/Legibility,iiith,Safety
67b78a5b-ab72-4483-95c4-33e837013e93_2874-42,Communication/Legibility,kaust,Safety
f668b2c9-d376-411b-96e5-7d7379fae824_151-21,Communication/Legibility,minnesota,Safety
3b342c9c-eb30-4cc6-8ced-53c4fb7b3a8d_290-89,Communication/Legibility,nus,Communication/Legibility
e14bb000-250b-4f3d-aec6-e72d4f29d123_367-23,Communication/Legibility,frl_track_1_public,Communication/Legibility
8b1d4210-a174-4617-8311-df4b32785d28_1114-53,Communication/Legibility,frl_track_1_public,Proxemics
be7ede7a-c212-45ff-8601-e15dd2f7e531_928-33,Communication/Legibility,minnesota,Proxemics
82e96128-1242-4e57-8a3e-9ea222df022c_3386-01,Communication/Legibility,iiith,Safety
6e4baf27-2090-4a90-816b-a35a0aff0e56_1023-43,Communication/Legibility,iiith,Safety
3a53bfdc-daf7-4bbc-bb9f-af449021d237_1629-28,Communication/Legibility,nus,Communication/Legibility
3925576b-6900-4112-8620-8739de771da9_2447-44,Communication/Legibility,frl_track_1_public,Proxemics
8b82316c-c293-49a7-b401-a3cc026ab1d0_2095-46,Communication/Legibility,indiana,Communication/Legibility
f5bdefb3-f57c-4270-bf31-7939ecd45c86_1324-59,Communication/Legibility,iiith,Safety
6ef5aab3-db5f-4fdb-9c39-b37bd497e7d8_638-66,Communication/Legibility,frl_track_1_public,Communication/Legibility
b264c17e-145a-4dd0-90c4-397d0f5b8057_51-64,Communication/Legibility,frl_track_1_public,Proxemics
5c172db2-eca2-4f9a-8963-b2111123fef2_81-63,Communication/Legibility,iiith,Safety
cce59bcd-0ebc-463e-bbb1-094186a6ed8d_1562-00,Communication/Legibility,frl_track_1_public,Proxemics
0f82d425-f8be-4e69-8c59-0a1a2e980b20_554-09,Communication/Legibility,minnesota,Proxemics
d6f9d174-2d42-49e7-83e4-daa9e8b0aa25_1389-10,Communication/Legibility,frl_track_1_public,Communication/Legibility
4f549225-e82e-4294-9379-4891e47725c7_1121-97,Communication/Legibility,iiith,Safety
428a80ce-ccc8-46e3-9cbb-419d224f148a_1420-33,Communication/Legibility,frl_track_1_public,Communication/Legibility
ca1773b8-ec8e-4f61-8e8f-7e4211830793_835-99,Communication/Legibility,nus,Communication/Legibility
932dfe2f-0cf1-4b76-b41a-4ca03f6945e5_1575-94,Communication/Legibility,frl_track_1_public,Communication/Legibility
168f91fd-53c2-4eee-9d2d-e25e1ad73438_99-46,Communication/Legibility,minnesota,Proxemics
d1952343-6eaf-4317-ae19-6b48b292ad24_877-17,Communication/Legibility,frl_track_1_public,Proxemics
668962c9-ecae-4b8f-bdc1-a6aeab093d88_811-44,Communication/Legibility,frl_track_1_public,Communication/Legibility
f5bdefb3-f57c-4270-bf31-7939ecd45c86_2347-29,Communication/Legibility,iiith,Safety
ffa4f27f-4e66-4b8c-ba6a-9a94f3491eb6_1093-00,Communication/Legibility,frl_track_1_public,Communication/Legibility
c0eea386-412b-4127-a2d3-352322a0038c_1313-16,Communication/Legibility,kaust,Communication/Legibility
6e330145-3fe9-44f7-8f84-801717da9ea2_766-46,Communication/Legibility,minnesota,Safety
ba44d0ee-9aba-4d05-8d1b-1eac7346f479_1433-66,Communication/Legibility,kaust,Communication/Legibility
be82ebf1-5feb-4c1b-a71a-f668e3a17726_27-55,Communication/Legibility,nus,Communication/Legibility
3b342c9c-eb30-4cc6-8ced-53c4fb7b3a8d_783-98,Communication/Legibility,nus,Communication/Legibility
dc16fb2a-7caf-41f4-b2a3-d2ff8cd38255_65-68,Communication/Legibility,iiith,Communication/Legibility
803d0524-47c8-45fe-a5d1-c6a71e2cd54b_786-81,Communication/Legibility,iiith,Communication/Legibility
fc201765-9b2e-4bb3-8ca0-84bd1732fd40_335-09,Communication/Legibility,iiith,Safety
10c73f89-cc7d-4d43-b1df-b56703de1b24_711-97,Communication/Legibility,frl_track_1_public,Communication/Legibility
0dca9b08-f9c6-446f-8754-3c1312fa3274_101-78,Communication/Legibility,frl_track_1_public,Communication/Legibility
3f712a5b-c1cf-4f2a-b0ab-ca0e2e4f0e3c_1166-83,Communication/Legibility,iiith,Safety
6b7e79ad-68c1-4637-a2d1-d7b8f92ac8a4_166-07,Communication/Legibility,frl_track_1_public,Communication/Legibility
54a421d2-763e-4751-a6b4-54e3d6c46cc1_692-41,Communication/Legibility,minnesota,Proxemics
e6e3919c-7c2e-491e-bde8-053715f0d851_466-43,Communication/Legibility,minnesota,Safety
8b82316c-c293-49a7-b401-a3cc026ab1d0_3206-95,Communication/Legibility,indiana,Communication/Legibility
cb87d2ca-dc4f-4e1c-a13f-a8fe7dc952e9_23-76,Communication/Legibility,minnesota,Proxemics
f77f437c-4e60-43ef-a5e1-ce3881409455_1543-97,Communication/Legibility,frl_track_1_public,Proxemics
ac8dba37-ce09-4dc5-b478-8194e41353c3_748-30,Communication/Legibility,iiith,Safety
d3980f7e-2ef1-4b2b-b73a-2a7db7465660_117-14,Communication/Legibility,nus,Communication/Legibility
ed792c47-5cb3-427c-a0e9-5dac33456e6a_1026-89,Communication/Legibility,iiith,Safety
3588502f-e1c1-426c-81d6-6fac28e6c81a_531-41,Communication/Legibility,utokyo,Safety
ca22ace6-2d0e-4e0b-98d4-60544e5af4d5_1194-22,Communication/Legibility,indiana,Communication/Legibility
49f87e0a-cc34-447e-87ba-209e430aafb0_2852-27,Communication/Legibility,iiith,Safety
b959f479-0508-4f1b-96a5-1b17e86af8ce_1110-67,Communication/Legibility,frl_track_1_public,Communication/Legibility
95c0a226-5cb1-4380-af73-db2fcdbdbb76_174-41,Communication/Legibility,frl_track_1_public,Proxemics
cd0c7d35-19cf-4ce2-9b40-0209547acde5_1364-91,Communication/Legibility,frl_track_1_public,Communication/Legibility
3639ab8f-880a-45bd-b8a9-6ef6bdaad4ff_355-03,Communication/Legibility,frl_track_1_public,Communication/Legibility
e70f4b34-432f-47dc-834f-5bc6bd67dc62_166-47,Communication/Legibility,iiith,Safety
c0eea386-412b-4127-a2d3-352322a0038c_719-09,Communication/Legibility,kaust,Communication/Legibility
7ac6dc03-7c8d-4de8-99af-03268c780ea2_1031-44,Communication/Legibility,nus,Proxemics
31818126-5e0f-4b01-b532-1514587bceec_1514-30,Communication/Legibility,minnesota,Proxemics
2680068d-b3ae-42d8-971f-e842c2d4fbb4_739-57,Communication/Legibility,frl_track_1_public,Proxemics
a3c41b4b-6dc7-4e69-b04b-ca30b4f1c185_1014-12,Communication/Legibility,frl_track_1_public,Proxemics
2dbdd409-0be0-447c-8ae8-3f107fe9af80_1439-37,Communication/Legibility,nus,Safety
94d5eff8-0fac-4719-adf2-5c0208ab89f7_3271-35,Communication/Legibility,iiith,Safety
2b012751-2e50-4acb-b645-c864930e92c8_822-56,Communication/Legibility,frl_track_1_public,Proxemics
e95dbd21-3017-48f5-8f36-46531f053ab1_339-47,Communication/Legibility,frl_track_1_public,Communication/Legibility
dced4894-d13a-4222-941b-5e4ecf1e3299_1473-25,Communication/Legibility,iiith,Safety
49925bc0-d1f2-4623-891f-147641b0e94f_1165-19,Communication/Legibility,frl_track_1_public,Proxemics
1330508f-8168-4408-a4df-79f69fb87c83_1053-45,Communication/Legibility,frl_track_1_public,Communication/Legibility
9520f703-8904-4123-bd7f-873b0b42074b_239-07,Communication/Legibility,frl_track_1_public,Communication/Legibility
97ba861b-605c-4942-8e15-95953a3032e1_583-02,Communication/Legibility,frl_track_1_public,Proxemics
f5bdefb3-f57c-4270-bf31-7939ecd45c86_788-76,Communication/Legibility,iiith,Safety
9f4e5f51-eac3-4070-9097-f6e18a7b90f9_1289-99,Communication/Legibility,iiith,Safety
0f574f9b-00bc-479d-894b-9e7c999fe13a_302-98,Communication/Legibility,iiith,Safety
ae85c74a-0963-469b-93f9-cdfe3f898e5f_1781-47,Communication/Legibility,minnesota,Proxemics
83f18213-f8f8-44fa-b9ce-104c6ddbcd57_1657-94,Communication/Legibility,kaust,Proxemics
54a421d2-763e-4751-a6b4-54e3d6c46cc1_242-12,Communication/Legibility,minnesota,Proxemics
e70f4b34-432f-47dc-834f-5bc6bd67dc62_676-86,Communication/Legibility,iiith,Safety
1246d6ec-5620-4f71-8b4b-d823775f58c2_29-81,Communication/Legibility,kaust,Proxemics
23ac3708-df1d-4bb0-a4c7-b2a66855dccb_950-08,Communication/Legibility,frl_track_1_public,Communication/Legibility
13488a91-cef6-46f4-8007-9453d5d49925_44-43,Communication/Legibility,minnesota,Communication/Legibility
01ef2c24-ab95-46c0-a76a-7ec2f66aa5df_978-48,Communication/Legibility,frl_track_1_public,Proxemics
6e0c294c-d634-4804-8d41-cd6e9d79f0b9_384-20,Communication/Legibility,frl_track_1_public,Communication/Legibility
14e96091-4011-4557-95b3-a195fb5c39d8_919-08,Communication/Legibility,nus,Communication/Legibility
fec31c20-1910-4ab1-afc5-6aa3057a45f5_810-30,Communication/Legibility,frl_track_1_public,Communication/Legibility
375ca7e7-1e3c-4159-9f7f-4691ef11f322_70-62,Communication/Legibility,bristol,Proxemics
8b82316c-c293-49a7-b401-a3cc026ab1d0_2988-29,Communication/Legibility,indiana,Communication/Legibility
4767de01-96e1-4cf4-80f4-1c9d3acd26ed_650-13,Communication/Legibility,minnesota,Proxemics
1f4a4d13-f083-4464-8c03-5e09f55e3f63_1207-44,Communication/Legibility,minnesota,Proxemics
baaf6d24-7117-4b0b-acdf-a79765036d84_1340-93,Communication/Legibility,frl_track_1_public,Communication/Legibility
e1b0b312-ce2d-41a0-be5a-70c807fcc5ef_2428-09,Communication/Legibility,iiith,Safety
1f61d972-e61b-4846-af3a-d09db9f111f8_1079-93,Communication/Legibility,nus,Proxemics
d813a821-8cc1-4700-a7a4-d4e6edfed26e_449-05,Communication/Legibility,utokyo,Safety
21438820-16d7-4fcd-b0d0-5def201fc65e_1321-22,Communication/Legibility,frl_track_1_public,Proxemics
4c70179a-f411-4f81-b44d-cfe34b8f9180_551-50,Communication/Legibility,minnesota,Safety
39af7641-e376-4a99-977f-4d7f746e14ba_79-79,Communication/Legibility,frl_track_1_public,Communication/Legibility
14e96091-4011-4557-95b3-a195fb5c39d8_273-80,Communication/Legibility,nus,Communication/Legibility
38788778-0822-4c9c-b51e-5bce8a765a97_91-28,Communication/Legibility,frl_track_1_public,Communication/Legibility
449e14cf-f05e-42ac-bb7e-0ba87617f95a_582-28,Communication/Legibility,minnesota,Safety
e70f4b34-432f-47dc-834f-5bc6bd67dc62_78-75,Communication/Legibility,iiith,Safety
3be8d10c-8e88-4f29-af13-6eab7b509ed8_7-19,Communication/Legibility,iiith,Safety
11e56f1e-baef-4fe8-ad0f-a7ec8788ea3a_836-51,Communication/Legibility,iiith,Safety
95abf338-cf33-43f4-a8d0-44d6ea691d0f_44-58,Communication/Legibility,frl_track_1_public,Proxemics
4f80ac6f-b78f-441b-b80d-fa8dd10756c4_471-91,Communication/Legibility,frl_track_1_public,Communication/Legibility
ed027cb2-5b92-4de2-ab58-69d42325ef15_965-69,Communication/Legibility,frl_track_1_public,Communication/Legibility
c6b5d782-d267-410e-8566-f7fe5d4a78a9_98-99,Communication/Legibility,frl_track_1_public,Proxemics
dc4d0940-b35c-4700-af77-5f13bb530ad8_1063-54,Communication/Legibility,minnesota,Proxemics
c824d4e5-298a-462b-a408-28a85a7364af_683-96,Communication/Legibility,frl_track_1_public,Communication/Legibility
d3980f7e-2ef1-4b2b-b73a-2a7db7465660_452-63,Communication/Legibility,nus,Proxemics
39d1462e-506c-482b-9c9e-a94cffd71563_2316-87,Communication/Legibility,iiith,Communication/Legibility
f374039b-7f08-4dc3-af64-4e9ff61db531_2262-81,Communication/Legibility,iiith,Safety
407df63f-c7a8-4c18-aa0f-b8e6ae16a938_620-12,Communication/Legibility,iiith,Safety
8dd6490b-6291-4793-b05e-79250f87925f_396-12,Communication/Legibility,minnesota,Safety
201af2e0-72dd-466c-8280-8c3dc00a7981_602-53,Communication/Legibility,minnesota,Proxemics
1042ea39-9256-4593-a4c6-a0d0393da739_524-37,Communication/Legibility,frl_track_1_public,Communication/Legibility
48bd6bfb-1322-41b5-9641-20a647976ea8_261-42,Communication/Legibility,minnesota,Proxemics
f965d286-b521-402f-9a0e-c73b49e9806e_1758-84,Communication/Legibility,minnesota,Proxemics
e7752106-8e0c-47b5-a639-e701e659718c_740-06,Communication/Legibility,iiith,Communication/Legibility
69190e7c-457f-489d-9071-c2a9185e4853_144-34,Communication/Legibility,minnesota,Proxemics
01111831-9107-43c4-bf0e-6b26e9b32a2b_1351-09,Communication/Legibility,kaust,Proxemics
fab481c0-842c-4536-9126-9dc375464685_728-84,Communication/Legibility,frl_track_1_public,Proxemics
dfd0bc0c-28fc-4302-9a75-77df6c53ab31_658-80,Communication/Legibility,minnesota,Proxemics
2dbdd409-0be0-447c-8ae8-3f107fe9af80_1058-94,Communication/Legibility,nus,Proxemics
eea4b231-055e-4c4e-8f95-8dd043601da6_1144-34,Communication/Legibility,frl_track_1_public,Proxemics
e9343bd2-cd48-4abe-902a-3d3f6a0b51d8_1795-21,Communication/Legibility,kaust,Communication/Legibility
89d8c9c5-fa11-4674-b08f-007f81958555_240-15,Safety,minnesota,Safety
6f93978d-a3d0-467d-b401-e23b3c92f3bf_5299-41,Safety,iiith,Safety
1f6eb61d-74fa-411e-979c-2e66e71f2b7d_501-62,Safety,minnesota,Safety
ef641454-94d5-4fe4-bf21-710144143967_723-67,Safety,minnesota,Safety
426eb9d9-d4cf-4acc-9efb-979f61a5be91_785-24,Safety,iiith,Safety
f246429f-404e-4023-9b82-bfe6bf1e50cd_78-11,Safety,minnesota,Proxemics
342cb558-ab3e-4b04-8169-a68bbf06a448_1575-74,Safety,minnesota,Proxemics
b68f87f0-29be-4516-a34a-dda69dd84a56_274-36,Safety,bristol,Communication/Legibility
750c5383-58f6-4063-8cc8-50691a68994d_562-01,Safety,frl_track_1_public,Proxemics
c7f71299-a622-4a9a-b225-019335d6f2d2_607-47,Safety,iiith,Safety
2a2ff7db-5460-4296-a8a7-946ba628226d_1549-08,Safety,iiith,Safety
dd82f801-fc96-4ced-b066-ad559da3faab_284-37,Safety,minnesota,Safety
ed027cb2-5b92-4de2-ab58-69d42325ef15_266-43,Safety,frl_track_1_public,Proxemics
8b89d35d-5e19-4240-b45e-7a692cf962e3_392-22,Safety,unict,Safety
744c58f8-9a76-40d4-838f-8c7676fcb316_140-01,Safety,iiith,Safety
134a4c63-583a-4e64-8cf9-002b6d26cdf1_464-01,Safety,kaust,Safety
b5d691f6-1618-467e-9fc9-d2ebd8eaafe4_488-95,Safety,iiith,Safety
5e193b30-3e79-4851-801b-dab99125cd44_3348-61,Safety,frl_track_1_public,Proxemics
db35b386-4c65-4c5e-a488-51b2aa5eb1fb_554-63,Safety,iiith,Safety
d64fb34a-08fd-416c-ac6f-86a0813869a8_494-32,Safety,minnesota,Proxemics
072623e8-1889-4580-8175-ddc05a3dceb3_89-78,Safety,iiith,Safety
998d4e6e-f579-4872-b706-767c5f392825_5282-59,Safety,iiith,Safety
620d3087-c6fb-4b08-bb6a-4dc4ede3b994_232-40,Safety,iiith,Safety
e1b0b312-ce2d-41a0-be5a-70c807fcc5ef_2287-10,Safety,iiith,Safety
baaffbad-76a7-458a-8a54-7b593ab073f6_329-73,Safety,iiith,Safety
0ece1a2a-2da0-4b28-ac8c-bf9f04c0d17c_2285-27,Safety,iiith,Safety
620d3087-c6fb-4b08-bb6a-4dc4ede3b994_1607-58,Safety,iiith,Safety
eb81442c-a322-49ea-b243-a39d2e288b9b_838-90,Safety,minnesota,Proxemics
4f549225-e82e-4294-9379-4891e47725c7_982-80,Safety,iiith,Safety
620d3087-c6fb-4b08-bb6a-4dc4ede3b994_2651-56,Safety,iiith,Safety
5ed59c41-af9e-4368-a0ce-30d536d34895_1493-26,Safety,kaust,Safety
baf15309-e865-4e9e-9efd-09097f1d5a43_341-69,Safety,kaust,Safety
0619c3d0-aebe-4414-b977-f2027271b267_566-56,Safety,frl_track_1_public,Proxemics
dd82f801-fc96-4ced-b066-ad559da3faab_1750-27,Safety,minnesota,Safety
1a50cd38-dda2-41d0-8a6f-294f17373d97_3680-47,Safety,iiith,Safety
ec85a806-d47f-4555-8c4c-20f59927e580_1424-09,Safety,iiith,Safety
6e4baf27-2090-4a90-816b-a35a0aff0e56_1099-34,Safety,iiith,Safety
c20e2722-11e5-4181-960c-305cfcd7cfec_183-32,Safety,minnesota,Proxemics
2dbdd409-0be0-447c-8ae8-3f107fe9af80_19-50,Safety,nus,Communication/Legibility
8ee6764a-4ef2-4359-9cf1-03a5f4dbcc79_593-30,Safety,iiith,Safety
949b2e8a-83f9-4b89-b29b-9e8d81600dd8_2981-03,Safety,iiith,Safety
cfc42371-cd58-48df-8bc5-f2fb29a6091e_1273-98,Safety,minnesota,Proxemics
998d4e6e-f579-4872-b706-767c5f392825_4762-05,Safety,iiith,Safety
998d4e6e-f579-4872-b706-767c5f392825_2418-72,Safety,iiith,Safety
d7480d27-f607-4a5a-8c31-9d299f70a4b8_1934-95,Safety,iiith,Safety
dd82f801-fc96-4ced-b066-ad559da3faab_621-91,Safety,minnesota,Safety
a6264c7d-d42a-4708-8fc2-b35ad0c5fe42_55-09,Safety,minnesota,Proxemics
e3f37c38-bf24-481f-b1c6-8d472fab4290_3800-16,Safety,iiith,Safety
be7ede7a-c212-45ff-8601-e15dd2f7e531_1651-77,Safety,minnesota,Proxemics
4b5de875-cc82-494e-b768-8ac0ae3bb279_1405-68,Safety,bristol,Communication/Legibility
9fc3678b-86e2-44ab-adbc-9aeda78ceb60_957-19,Safety,iiith,Safety
89d8c9c5-fa11-4674-b08f-007f81958555_227-24,Safety,minnesota,Safety
89d8c9c5-fa11-4674-b08f-007f81958555_1665-43,Safety,minnesota,Safety
89d8c9c5-fa11-4674-b08f-007f81958555_1642-22,Safety,minnesota,Safety
3dd08c84-ee0a-4fa6-a859-98fd969ec720_1276-65,Safety,minnesota,Proxemics
d0a861f7-3e5c-4836-9b43-29a0b3288165_829-52,Safety,minnesota,Proxemics
0ece1a2a-2da0-4b28-ac8c-bf9f04c0d17c_335-84,Safety,iiith,Safety
ec85a806-d47f-4555-8c4c-20f59927e580_1435-56,Safety,iiith,Safety
ba28e9d5-5a78-44c0-b985-2249dcc05956_17-90,Safety,minnesota,Proxemics
89d8c9c5-fa11-4674-b08f-007f81958555_179-03,Safety,minnesota,Safety
dbcca18b-4b62-4ba1-b799-a6a65231d084_3795-07,Safety,iiith,Safety
9fb1ce25-8a99-45ed-a28c-1492192d4964_1946-35,Safety,iiith,Safety
ed027cb2-5b92-4de2-ab58-69d42325ef15_890-73,Safety,frl_track_1_public,Communication/Legibility
ef641454-94d5-4fe4-bf21-710144143967_760-02,Safety,minnesota,Communication/Legibility
2dbdd409-0be0-447c-8ae8-3f107fe9af80_1697-32,Safety,nus,Communication/Legibility
949b2e8a-83f9-4b89-b29b-9e8d81600dd8_2250-47,Safety,iiith,Safety
6989df0e-b8da-48a4-bc69-b01f6f8aef1a_378-59,Safety,unict,Safety
3d93c92c-8c12-4972-9f29-c8bef5c321ba_1742-89,Safety,minnesota,Safety
52c312b2-b47d-498d-a368-20db6a8bc879_1510-20,Safety,unict,Safety
3d93c92c-8c12-4972-9f29-c8bef5c321ba_832-45,Safety,minnesota,Safety
8672b38a-7682-4244-ad7a-a336c81c2d0e_1054-38,Safety,frl_track_1_public,Communication/Legibility
5ed59c41-af9e-4368-a0ce-30d536d34895_494-33,Safety,kaust,Proxemics
e3f37c38-bf24-481f-b1c6-8d472fab4290_1679-92,Safety,iiith,Safety
5aa01f1b-351d-428b-a1be-1f2edaff6a0c_693-84,Safety,frl_track_1_public,Proxemics
74d38b4a-6f22-43b3-b631-9234c05f27ab_270-80,Safety,kaust,Proxemics
584f625d-15b0-49e8-bfa6-718b9cf010e0_834-78,Safety,kaust,Proxemics
dd82f801-fc96-4ced-b066-ad559da3faab_601-49,Safety,minnesota,Safety
97d62297-ee2c-482f-aec2-4f73448c3a03_538-31,Safety,iiith,Communication/Legibility
7152d311-7801-487c-a6ed-a746e6abaa1f_286-31,Safety,unict,Safety
406f3614-0b99-4b3f-b3cb-a4590bad9e27_288-93,Safety,minnesota,Proxemics
41c32675-1cc9-47f2-82e5-5ef1eacb720b_92-49,Safety,minnesota,Proxemics
1b1acfa6-ee3b-483c-9c0a-245d70d7125f_3443-49,Safety,frl_track_1_public,Communication/Legibility
a95545b6-8b1e-4d77-a209-c1accf3b057b_17-67,Safety,minnesota,Proxemics
6ba5f052-a1cd-46ba-83f2-1be480387020_599-71,Safety,minnesota,Proxemics
3ab744ba-9969-452c-a825-38affebd4139_13-22,Safety,bristol,Communication/Legibility
072623e8-1889-4580-8175-ddc05a3dceb3_11-40,Safety,iiith,Safety
1acd2d5c-b0d4-4ec5-a54c-6a9c84cb11f6_273-21,Safety,minnesota,Proxemics
a4c1f23e-702e-49a1-9600-0538e4e2e7db_2889-59,Safety,iiith,Safety
af215e0f-56c7-4356-9aad-a3a5fb7bbc4f_709-03,Safety,iiith,Safety
3f292ce2-fb0d-477e-b6b5-18c6ef38366e_889-07,Safety,iiith,Safety
7b5fafdb-136a-4722-84a4-cffb213a224a_2353-21,Safety,kaust,Safety
944aacb0-f596-460d-b5a6-9ae05df1d430_3858-37,Safety,iiith,Safety
60209262-ab8e-4214-a8dd-4764a9a4b26d_842-54,Safety,minnesota,Proxemics
a6ae81d6-f014-4902-bae6-b06373b31c55_153-41,Safety,utokyo,Communication/Legibility
7c1c5dca-5856-4997-8cda-9fa3bca10a3b_2494-15,Safety,iiith,Safety
98fcbc28-9542-4f3c-9a03-73af08fb989d_1376-40,Safety,frl_track_1_public,Proxemics
4d63c029-fd1d-48f2-9f61-7246bb9ef6fc_2979-35,Safety,unict,Safety
ea5bb387-a22a-4b49-8aa5-35cbf0d3563d_205-22,Safety,iiith,Safety
ae59dda2-8aa0-40e1-bd48-af368ea8e149_1585-64,Safety,iiith,Safety
ec85a806-d47f-4555-8c4c-20f59927e580_909-71,Safety,iiith,Safety
0f574f9b-00bc-479d-894b-9e7c999fe13a_303-78,Safety,iiith,Safety
c79e05d5-eaf6-4323-a707-744020743037_763-82,Safety,iiith,Safety
c93e077c-9f51-449c-b130-8be107c8a7d5_199-82,Safety,iiith,Safety
3a718f0f-a85e-4461-b5bc-94c5a8d300a8_648-56,Safety,minnesota,Proxemics
49b14463-2172-4b0e-ad13-fdf9383e9a77_284-00,Safety,minnesota,Proxemics
d10798c3-6b79-4c0d-aafd-8daad36c51db_44-79,Safety,minnesota,Proxemics
59976b3b-2328-47f2-a7b3-6f982497ed65_622-81,Safety,iiith,Safety
4bf46557-3c5a-4a89-840d-158403590c9f_1472-48,Safety,iiith,Safety
0475a0b9-9445-4083-8c6a-42f0171ff3e4_1943-55,Safety,frl_track_1_public,Proxemics
bae603bd-dc3d-46a4-90b7-9c1e2bcd3970_966-87,Safety,kaust,Proxemics
d752fc52-9592-4cb5-910b-d09bb39261fd_420-77,Safety,kaust,Safety
c7da3efd-4a18-458e-90fd-f757ed966a63_380-64,Safety,iiith,Safety
62abef54-29ef-43ec-ba1d-43496d986e89_2257-41,Safety,iiith,Safety
1e90b2b5-5483-4ecc-b8e0-fb0bf63ccac3_546-46,Safety,frl_track_1_public,Communication/Legibility
5e7dbc32-08e0-4266-9bd3-27c412d1af7c_182-45,Safety,minnesota,Safety
eb575f9b-6a52-45fb-98d8-5e9dbdd8dd63_703-22,Safety,minnesota,Proxemics
85b87948-4578-4912-95cb-addd19cfd31a_1581-49,Safety,iiith,Safety
bdd32b96-5baf-4d67-9975-34cdce64b0cc_240-16,Safety,iiith,Safety
44c5117d-fb5c-4fcf-b648-d7eb76d5f95a_1424-15,Safety,iiith,Safety
40b33c95-3689-4ec8-8765-7e926f623b75_530-94,Safety,iiith,Safety
596760c3-b1d6-453c-916c-ecbc30ab1c5d_1448-53,Safety,iiith,Proxemics
935bc36b-27aa-4c83-89fd-221feca0030e_1080-82,Safety,iiith,Safety
4065f62a-faae-4926-aee8-1d5bf73661a3_2321-27,Safety,iiith,Safety
f576f1bf-5433-488b-8833-8320f087e72b_48-29,Safety,bristol,Safety
ac582760-09b1-4a6e-be08-f19f9bf5dfcb_391-13,Safety,nus,Communication/Legibility
5300d3f7-0674-4e08-bf1d-47b8c38a2842_39-70,Safety,iiith,Safety
f00ec54c-9ed4-4a23-9cd7-f8728cb9d6c7_1080-52,Safety,minnesota,Proxemics
c615d305-14fe-41cd-9099-caf420beb604_1090-50,Safety,nus,Proxemics
ac8dba37-ce09-4dc5-b478-8194e41353c3_5240-05,Safety,iiith,Proxemics
1f216b72-21a2-4463-b5ae-13bffd779b4d_1694-44,Safety,minnesota,Safety
e6958f57-5769-46f6-be27-b879059ff2a4_927-40,Safety,minnesota,Proxemics
c7f71299-a622-4a9a-b225-019335d6f2d2_658-88,Safety,iiith,Safety
516ba1f4-5cfd-4dd7-b4b6-a4c0605d1281_1838-55,Safety,iiith,Communication/Legibility
63e9e643-25c5-435d-b6f0-0aab1af76e68_28-98,Safety,iiith,Safety
84ec85f6-c167-413c-829d-9c6915519c57_3997-33,Safety,iiith,Safety
b7022084-61ea-470f-b2cd-49be2ecaf3aa_688-07,Safety,frl_track_1_public,Proxemics
501d1e55-968d-4c10-9d29-e0f4bee907a0_654-33,Safety,kaust,Safety
439cfa9c-ef6b-41ba-aa5d-2f40b195b374_1380-00,Safety,iiith,Safety
2dbdd409-0be0-447c-8ae8-3f107fe9af80_163-46,Safety,nus,Safety
620d3087-c6fb-4b08-bb6a-4dc4ede3b994_432-70,Safety,iiith,Safety
d0aedb4e-82cc-406a-a395-3573049a49ee_4319-84,Safety,iiith,Safety
dd82f801-fc96-4ced-b066-ad559da3faab_818-04,Safety,minnesota,Safety
5826d5ed-1456-443f-b333-202bb216a31d_1637-74,Safety,iiith,Communication/Legibility
2dbdd409-0be0-447c-8ae8-3f107fe9af80_1653-80,Safety,nus,Safety
1ce16a97-f614-4660-b21c-4205b33c8bab_1988-77,Safety,kaust,Proxemics
1acd2d5c-b0d4-4ec5-a54c-6a9c84cb11f6_773-39,Safety,minnesota,Proxemics
ec86fee5-ee10-46c5-b835-07c8a8d9651e_362-34,Safety,iiith,Safety
62baa1d3-a742-4d3d-a978-537a7988e13e_1461-40,Safety,iiith,Safety
fe0d5ffc-686e-4846-bce0-1a18e513bf95_2543-03,Safety,iiith,Safety
fec31c20-1910-4ab1-afc5-6aa3057a45f5_381-77,Safety,frl_track_1_public,Proxemics
583dc873-0ccd-4d04-bb56-4d403ab28e85_218-71,Safety,iiith,Safety
7b5fafdb-136a-4722-84a4-cffb213a224a_1092-90,Safety,kaust,Proxemics
68134357-62e5-4f0b-8300-2e661763aeb5_389-26,Safety,frl_track_1_public,Proxemics
b99ceea4-7fa3-407c-9b9f-1347645d23f2_13-11,Safety,frl_track_1_public,Communication/Legibility
2dff68c2-6310-4763-8d39-05a1dbe40fda_501-39,Safety,iiith,Safety
90398a2b-de6b-4232-9bea-149c48cb1326_334-80,Safety,iiith,Safety
9e0594bd-15a5-4ae7-afa0-9283683ae1f2_1106-88,Safety,iiith,Safety
6a847d75-e20f-409d-8b91-77ada97d8fb9_168-24,Safety,iiith,Safety
ac8dba37-ce09-4dc5-b478-8194e41353c3_2812-63,Safety,iiith,Safety
fe231042-6163-48cc-a1c4-1d1163b0a440_494-51,Safety,iiith,Safety
421a0364-6ed6-4bd4-8db2-5de8e245c9bc_455-02,Safety,iiith,Safety
a448297b-ae62-4712-bc4f-849b39176558_2443-39,Safety,minnesota,Proxemics
a448297b-ae62-4712-bc4f-849b39176558_3322-55,Safety,minnesota,Safety
53e92e25-fe03-4311-9a17-c4f6a29ccad1_1365-15,Safety,iiith,Safety
d730a47a-013d-4cd3-b478-370f2fb0d918_1149-88,Safety,frl_track_1_public,Proxemics
03fb98b9-e732-4265-a2a3-9809183acaa7_1123-20,Safety,frl_track_1_public,Proxemics
6c0ca07f-6bb2-4db4-a0c3-5926726493fc_272-36,Safety,frl_track_1_public,Proxemics
39d0559a-d1e8-4fca-b7f4-db87bbbbde7e_857-69,Safety,iiith,Proxemics
dbcca18b-4b62-4ba1-b799-a6a65231d084_3794-64,Safety,iiith,Safety
6f27deaa-7133-4bbb-b9ed-5310d6d05a50_336-16,Safety,iiith,Safety
4b5de875-cc82-494e-b768-8ac0ae3bb279_930-87,Safety,bristol,Communication/Legibility
c495da06-2baf-4f62-958d-5ef2e6da08c4_28-94,Safety,iiith,Communication/Legibility
258a7d18-4e66-4e3a-9fa0-f8daf7315a6d_1892-58,Safety,iiith,Safety
90398a2b-de6b-4232-9bea-149c48cb1326_984-97,Safety,iiith,Safety
4f549225-e82e-4294-9379-4891e47725c7_299-04,Safety,iiith,Safety
1e90b2b5-5483-4ecc-b8e0-fb0bf63ccac3_3303-65,Safety,frl_track_1_public,Proxemics
dced4894-d13a-4222-941b-5e4ecf1e3299_663-36,Safety,iiith,Safety
af72c57c-b242-48b2-8d00-aea29f4e37ac_1063-17,Proxemics,minnesota,Safety
1f4a4d13-f083-4464-8c03-5e09f55e3f63_764-04,Proxemics,minnesota,Proxemics
07536df6-9813-42d9-93df-35835407d8ee_170-76,Proxemics,minnesota,Safety
5ed59c41-af9e-4368-a0ce-30d536d34895_1575-15,Proxemics,kaust,Safety
54a421d2-763e-4751-a6b4-54e3d6c46cc1_1143-22,Proxemics,minnesota,Safety
9e9c5b05-c7d4-450d-9850-e6ae83caa9a5_3297-13,Proxemics,iiith,Safety
358e65ba-1ce0-46f6-a1b4-1c85569ef628_3143-38,Proxemics,frl_track_1_public,Proxemics
af215e0f-56c7-4356-9aad-a3a5fb7bbc4f_4362-30,Proxemics,iiith,Safety
3c54ff87-27c0-4ab8-b934-4f0289221bff_279-60,Proxemics,minnesota,Proxemics
0ece1a2a-2da0-4b28-ac8c-bf9f04c0d17c_713-12,Proxemics,iiith,Safety
8bb4369f-a6e0-45a3-9d2d-fd5d5c686ccc_276-24,Proxemics,kaust,Safety
8d50f526-624c-40bd-b696-7ad6ce5746ab_22-55,Proxemics,unict,Safety
af215e0f-56c7-4356-9aad-a3a5fb7bbc4f_4328-60,Proxemics,iiith,Safety
e3283ef1-1659-4d5c-a09d-fd0f4df98aba_73-31,Proxemics,minnesota,Proxemics
69c7d261-18f8-4a1d-9f56-6b4e8eac4d23_601-00,Proxemics,iiith,Safety
0cd16e31-6045-45ea-b0d7-105116f9e6d1_1433-59,Proxemics,minnesota,Proxemics
d6f9d174-2d42-49e7-83e4-daa9e8b0aa25_831-84,Proxemics,frl_track_1_public,Proxemics
c7da3efd-4a18-458e-90fd-f757ed966a63_8-87,Proxemics,iiith,Safety
75ee5afa-d891-4653-ac4c-d81db1a90af7_32-52,Proxemics,minnesota,Safety
1b4b9493-2f3b-48e2-ba96-4feb9b9e98a1_408-70,Proxemics,frl_track_1_public,Communication/Legibility
40f3258a-f7d8-4b05-8b6a-bd9f8d5b85fb_792-58,Proxemics,frl_track_1_public,Proxemics
d64fb34a-08fd-416c-ac6f-86a0813869a8_466-80,Proxemics,minnesota,Proxemics
6edb5c87-ae95-4185-807f-06d37124d2b7_659-31,Proxemics,minnesota,Safety
e00d8164-9996-48ed-8645-bb88ab30cc09_113-51,Proxemics,iiith,Safety
ea417823-8ca0-417c-8901-114fa4f2d47f_254-62,Proxemics,minnesota,Proxemics
af400f98-3c57-46ad-acac-eaca6f940180_3432-31,Proxemics,iiith,Safety
ed792c47-5cb3-427c-a0e9-5dac33456e6a_38-58,Proxemics,iiith,Safety
ed792c47-5cb3-427c-a0e9-5dac33456e6a_3373-63,Proxemics,iiith,Safety
2893d559-89cb-4125-a761-3ff8e68768a9_88-42,Proxemics,minnesota,Proxemics
56c5fea0-73fb-4239-b740-1faf19e75e6f_1246-35,Proxemics,frl_track_1_public,Proxemics
f5bdefb3-f57c-4270-bf31-7939ecd45c86_1815-24,Proxemics,iiith,Safety
c8d51f6b-7329-4367-9b24-941fa79794d2_2516-44,Proxemics,kaust,Communication/Legibility
8bb4369f-a6e0-45a3-9d2d-fd5d5c686ccc_315-76,Proxemics,kaust,Safety
6b7fc6db-e979-43a0-b61f-7dced89d423d_168-56,Proxemics,frl_track_1_public,Communication/Legibility
952d5295-06f4-4578-929b-4113e4ff9201_741-67,Proxemics,iiith,Communication/Legibility
b0a30641-ad93-4d6a-92a9-f277c78f1aa5_295-10,Proxemics,minnesota,Proxemics
1f4a4d13-f083-4464-8c03-5e09f55e3f63_125-54,Proxemics,minnesota,Safety
9155f5b9-6235-484f-990d-fbd3010a791e_2163-97,Proxemics,kaust,Communication/Legibility
eb5cb2b0-59e6-45da-af1b-ba86c7ab0b54_824-48,Proxemics,minnesota,Safety
08e65366-36a3-4146-bec6-043286cedf16_741-63,Proxemics,frl_track_1_public,Proxemics
a2c3a84e-ae75-4e72-8a52-64511ed67080_919-81,Proxemics,frl_track_1_public,Proxemics
e21a6f09-3df0-4bfb-a23b-47a1866aadf1_540-06,Proxemics,minnesota,Proxemics
2eb4e516-9d71-4b68-847e-e1b0cb339b0a_684-96,Proxemics,frl_track_1_public,Communication/Legibility
695cefe9-04c0-42fb-80fc-d308b314b788_789-70,Proxemics,frl_track_1_public,Communication/Legibility
4065f62a-faae-4926-aee8-1d5bf73661a3_382-42,Proxemics,iiith,Safety
1f4a4d13-f083-4464-8c03-5e09f55e3f63_781-81,Proxemics,minnesota,Proxemics
262fd2ec-8eba-44d9-8082-4d0574f7a515_1038-82,Proxemics,frl_track_1_public,Communication/Legibility
d64fb34a-08fd-416c-ac6f-86a0813869a8_290-32,Proxemics,minnesota,Safety
d3de44fb-a6e8-4815-b28f-798de4bfd7eb_1337-08,Proxemics,iiith,Safety
2ac65951-49b0-4629-981e-edc34b8cdb0f_1091-69,Proxemics,minnesota,Safety
af400f98-3c57-46ad-acac-eaca6f940180_3131-59,Proxemics,iiith,Safety
8bb4369f-a6e0-45a3-9d2d-fd5d5c686ccc_70-57,Proxemics,kaust,Safety
9490a06b-3fa1-47b6-b470-facb3d61ac57_1071-05,Proxemics,nus,Communication/Legibility
e9e0f26d-3005-436a-a70f-7d99977808c8_1554-09,Proxemics,minnesota,Proxemics
e99a32fa-19c9-41e6-be66-37869bd26583_542-40,Proxemics,iiith,Safety
eabf19d3-4e52-4aee-8f14-5118626a078f_778-52,Proxemics,minnesota,Proxemics
63d56e4c-e454-48c2-a8f2-5bc2c34622ca_172-69,Proxemics,frl_track_1_public,Communication/Legibility
ff425cc6-7577-444b-b6f7-e250c22a1ed5_831-75,Proxemics,kaust,Communication/Legibility
9dd29951-5080-4392-8bcd-2446e6af90fe_1166-46,Proxemics,minnesota,Safety
2ec3c123-0a04-46d7-97d5-8b85b5e6d06f_249-67,Proxemics,iiith,Safety
4930cced-9b84-464e-88ce-3990188efed6_1781-50,Proxemics,minnesota,Proxemics
cd0c7d35-19cf-4ce2-9b40-0209547acde5_1447-25,Proxemics,frl_track_1_public,Communication/Legibility
62103d3d-d89d-4f54-a766-1beb22eb994b_617-19,Proxemics,iiith,Safety
e95dbd21-3017-48f5-8f36-46531f053ab1_835-77,Proxemics,frl_track_1_public,Communication/Legibility
57467033-41ad-48f8-bc45-26f0b92a1b48_681-96,Proxemics,frl_track_1_public,Communication/Legibility
2dbdd409-0be0-447c-8ae8-3f107fe9af80_164-34,Proxemics,nus,Safety
14c123f4-06ab-4b51-aa26-95b0e3adf6eb_61-25,Proxemics,frl_track_1_public,Proxemics
5318b45a-f8be-4ab2-a807-564d734527fb_1369-45,Proxemics,kaust,Proxemics
2ac65951-49b0-4629-981e-edc34b8cdb0f_1349-72,Proxemics,minnesota,Proxemics
49b14463-2172-4b0e-ad13-fdf9383e9a77_426-72,Proxemics,minnesota,Proxemics
63d56e4c-e454-48c2-a8f2-5bc2c34622ca_903-77,Proxemics,frl_track_1_public,Communication/Legibility
3b021bad-6945-4be2-a7db-44af3db1eae8_2667-18,Proxemics,kaust,Communication/Legibility
dd508a2a-1ea7-43d2-805a-8080eeae9985_36-14,Proxemics,iiith,Safety
0f82d425-f8be-4e69-8c59-0a1a2e980b20_1108-13,Proxemics,minnesota,Proxemics
42c08776-8832-4d37-8844-3ce89e405c62_1474-11,Proxemics,frl_track_1_public,Proxemics
0f82d425-f8be-4e69-8c59-0a1a2e980b20_295-56,Proxemics,minnesota,Proxemics
d64fb34a-08fd-416c-ac6f-86a0813869a8_512-82,Proxemics,minnesota,Proxemics
2efc9b47-0a23-4247-89a6-db46dae6c998_416-58,Proxemics,iiith,Safety
b9bc5b47-ae9a-4220-84c7-ada93722c4fe_909-02,Proxemics,minnesota,Proxemics
8bb4369f-a6e0-45a3-9d2d-fd5d5c686ccc_246-04,Proxemics,kaust,Safety
af215e0f-56c7-4356-9aad-a3a5fb7bbc4f_1332-04,Proxemics,iiith,Safety
1c983176-b07a-4a69-ae51-de7829de6b6a_1270-21,Proxemics,frl_track_1_public,Communication/Legibility
6a847d75-e20f-409d-8b91-77ada97d8fb9_1826-29,Proxemics,iiith,Safety
65d6d7a3-11f7-4472-82b9-527ca04fe25b_1274-77,Proxemics,nus,Communication/Legibility
2131b8e4-79b5-48f7-b092-e4a13ed96749_1086-27,Proxemics,nus,Communication/Legibility
6a847d75-e20f-409d-8b91-77ada97d8fb9_1582-87,Proxemics,iiith,Safety
cfc42371-cd58-48df-8bc5-f2fb29a6091e_1191-27,Proxemics,minnesota,Proxemics
aad332b0-a437-4bd9-9147-f580bb58c3f5_3472-99,Proxemics,iiith,Proxemics
b5c3c1e3-7ee7-4b4a-b938-4d008d5aa49b_644-73,Proxemics,nus,Communication/Legibility
1e96ede3-aa85-4162-a32f-c565e5194cab_995-46,Proxemics,iiith,Safety
2dbdd409-0be0-447c-8ae8-3f107fe9af80_989-72,Proxemics,nus,Communication/Legibility
2893d559-89cb-4125-a761-3ff8e68768a9_638-82,Proxemics,minnesota,Safety
bd31c2eb-4faa-467d-8c71-89a55b0a4be5_275-56,Proxemics,iiith,Communication/Legibility
f5bdefb3-f57c-4270-bf31-7939ecd45c86_1289-58,Proxemics,iiith,Safety
3de48a49-665d-4c1b-9655-82532e108e6a_1395-29,Proxemics,minnesota,Communication/Legibility
4c70179a-f411-4f81-b44d-cfe34b8f9180_800-64,Proxemics,minnesota,Communication/Legibility
88193924-6780-4290-b8ba-85676e98387a_791-58,Proxemics,frl_track_1_public,Communication/Legibility
38788778-0822-4c9c-b51e-5bce8a765a97_83-68,Proxemics,frl_track_1_public,Proxemics
44c5117d-fb5c-4fcf-b648-d7eb76d5f95a_898-38,Proxemics,iiith,Safety
be1da89b-976b-4e71-a42a-7621b522db46_179-53,Proxemics,iiith,Safety
258a7d18-4e66-4e3a-9fa0-f8daf7315a6d_1387-30,Proxemics,iiith,Safety
4de25e28-5a34-4fbe-bc83-200d513b4d9a_1123-59,Proxemics,frl_track_1_public,Communication/Legibility
a055e4e8-cc07-47c1-a438-06f45c4f724c_2257-57,Proxemics,iiith,Communication/Legibility
e623faab-101a-41a6-83ac-8e22b4371aba_357-75,Proxemics,frl_track_1_public,Proxemics
af06acee-b948-4950-a653-53d76b03a010_920-06,Proxemics,minnesota,Proxemics
b9b65293-fec8-494e-81e7-c4496aafba6f_1524-26,Proxemics,frl_track_1_public,Communication/Legibility
c92cfd96-21ca-4b52-a56a-6345fbf57de0_233-46,Proxemics,iiith,Communication/Legibility
c97a7ee8-1fd4-4092-8c47-ef93dea1c8aa_539-98,Proxemics,nus,Communication/Legibility
93f78437-229d-4824-a8c1-68d9b17e754d_1063-21,Proxemics,bristol,Proxemics
f0b8d19e-28c0-4d11-bb2d-5c6576eb7dcb_67-04,Proxemics,minnesota,Proxemics
54a421d2-763e-4751-a6b4-54e3d6c46cc1_715-92,Proxemics,minnesota,Proxemics
0619c3d0-aebe-4414-b977-f2027271b267_279-15,Proxemics,frl_track_1_public,Proxemics
330c1e0d-b71a-452e-8b68-fdb96fa8a6ca_1228-35,Proxemics,frl_track_1_public,Communication/Legibility
5dac9d4b-1ac8-468b-a51b-8b7e0dbe554b_1086-76,Proxemics,frl_track_1_public,Communication/Legibility
952d5295-06f4-4578-929b-4113e4ff9201_769-29,Proxemics,iiith,Communication/Legibility
750c5383-58f6-4063-8cc8-50691a68994d_870-14,Proxemics,frl_track_1_public,Communication/Legibility
5b329676-c4f5-49a7-9999-fa3884190b1e_91-50,Proxemics,frl_track_1_public,Communication/Legibility
6ac035af-4851-4afb-af6c-c00edb7bdbe6_801-00,Proxemics,minnesota,Proxemics
ce121331-6a77-44c0-9c0d-8d6b21f73b24_67-61,Proxemics,frl_track_1_public,Proxemics
6aa13fb1-5440-424e-a021-06a2da215e63_273-88,Proxemics,frl_track_1_public,Proxemics
01f9f9d6-2871-4913-99ea-8ffb7780fc8d_1491-41,Proxemics,minnesota,Proxemics
cfa58f86-6a63-46fc-8510-6a8d517f933b_689-38,Proxemics,frl_track_1_public,Proxemics
7acd59a8-ed64-4a99-a469-3d5529a4098a_270-66,Proxemics,frl_track_1_public,Communication/Legibility
25ade38d-3e6b-4aa1-851d-7fbf791201c0_887-41,Proxemics,kaust,Proxemics
7a680a9a-dd7b-467a-a724-a597f1be9f06_2545-86,Proxemics,kaust,Communication/Legibility
20525d50-586a-4792-bfdb-fd941ee64ea9_89-29,Proxemics,frl_track_1_public,Proxemics
afd5c197-7b14-4e21-ac56-d23b6a5543d0_1411-24,Proxemics,minnesota,Proxemics
3dd00666-a34d-4b45-bb4c-7a4c2342e475_1264-75,Proxemics,frl_track_1_public,Communication/Legibility
2b012751-2e50-4acb-b645-c864930e92c8_1119-28,Proxemics,frl_track_1_public,Proxemics
3178c414-453e-44e9-b192-67dba2ccc982_1088-81,Proxemics,frl_track_1_public,Proxemics
5ead8e7c-2600-44b1-afd6-b82cb5f7b9ce_3241-48,Proxemics,minnesota,Safety
a3f1b2f3-0735-4c65-b66e-5c397f3126c7_276-64,Proxemics,frl_track_1_public,Proxemics
f17f0d96-4d93-4e4b-83c5-fddfbc581bb3_963-95,Proxemics,frl_track_1_public,Proxemics
bb2297d3-91b7-4ec4-b39b-cc64694929db_412-95,Proxemics,minnesota,Proxemics
a13a145f-920a-44ec-8aef-b489c097f4a7_171-91,Proxemics,minnesota,Proxemics
f488287d-ea74-4836-9ea4-e137ac6c8233_333-32,Proxemics,iiith,Safety
48d7d009-425f-4d1a-a6a9-a4742bd0d9fe_2561-43,Proxemics,iiith,Safety
d551e6e5-50b5-4eab-88df-f213e6509ea0_1428-48,Proxemics,minnesota,Proxemics
2dbdd409-0be0-447c-8ae8-3f107fe9af80_1626-43,Proxemics,nus,Communication/Legibility
5605bd9a-d151-4d5b-b0f6-cfc28ae6937e_2980-56,Proxemics,iiith,Safety
4ff2e551-1ccb-44ce-8b68-09666397f681_554-17,Proxemics,frl_track_1_public,Communication/Legibility
eb5cb2b0-59e6-45da-af1b-ba86c7ab0b54_922-64,Proxemics,minnesota,Proxemics
66bf8281-f77c-4e37-b9a8-5f2aabf73ef9_943-34,Proxemics,frl_track_1_public,Proxemics
e6e3919c-7c2e-491e-bde8-053715f0d851_1353-28,Proxemics,minnesota,Safety
929a6fbb-3fda-45af-95bf-144d851761f4_1114-91,Proxemics,minnesota,Proxemics
959bc769-a40e-4f4b-ba45-5adf32b8f26e_201-77,Proxemics,frl_track_1_public,Proxemics
ee708878-5d10-4bf3-bd8a-6d72d5cceca6_570-90,Proxemics,frl_track_1_public,Communication/Legibility
79c62f24-488e-4a69-8220-3b20cb4bf72b_722-05,Proxemics,iiith,Safety
d1c2a107-ba9a-4615-83e1-f609864b8541_35-35,Proxemics,frl_track_1_public,Communication/Legibility
8dd6490b-6291-4793-b05e-79250f87925f_101-76,Proxemics,minnesota,Proxemics
9df7c322-0e66-491d-bcf8-f10038b1eccf_229-80,Proxemics,nus,Communication/Legibility
aa19d5c0-35b6-4ec2-9865-07f556c341de_34-98,Proxemics,iiith,Safety
e58207f1-84ec-424b-a997-ff64a57eb13b_3524-37,Proxemics,frl_track_1_public,Communication/Legibility
d64fb34a-08fd-416c-ac6f-86a0813869a8_437-60,Proxemics,minnesota,Safety
e9e0f26d-3005-436a-a70f-7d99977808c8_1359-76,Proxemics,minnesota,Communication/Legibility
35b1a8c7-80fd-402f-b240-768926b7bcee_562-55,Proxemics,bristol,Proxemics
134d9865-d9ee-47e5-a121-589a26c6b3ba_1573-53,Proxemics,minnesota,Proxemics
6aa13fb1-5440-424e-a021-06a2da215e63_165-83,Proxemics,frl_track_1_public,Communication/Legibility
2893d559-89cb-4125-a761-3ff8e68768a9_565-53,Proxemics,minnesota,Proxemics
695cefe9-04c0-42fb-80fc-d308b314b788_437-09,Proxemics,frl_track_1_public,Communication/Legibility
1f6eb61d-74fa-411e-979c-2e66e71f2b7d_345-36,Proxemics,minnesota,Proxemics
2b7ace86-149f-4354-b617-c8ebd08c5310_1416-39,Proxemics,frl_track_1_public,Proxemics
a71f72c5-5225-4b12-aba3-01fa46f53427_914-96,Proxemics,frl_track_1_public,Proxemics
a23540b7-3588-48ad-b84a-1b5935db856a_235-41,Proxemics,bristol,Proxemics
cb9de2c6-ff1a-48e8-b170-047e9471b588_836-21,Proxemics,frl_track_1_public,Communication/Legibility
2dbdd409-0be0-447c-8ae8-3f107fe9af80_1502-69,Proxemics,nus,Communication/Legibility
e623faab-101a-41a6-83ac-8e22b4371aba_1141-39,Proxemics,frl_track_1_public,Proxemics
ed792c47-5cb3-427c-a0e9-5dac33456e6a_3277-79,Proxemics,iiith,Safety
949c5a8f-7aa7-4566-a04c-531961cbcc16_1433-64,Proxemics,iiith,Safety
dd508a2a-1ea7-43d2-805a-8080eeae9985_856-81,Proxemics,iiith,Communication/Legibility
695cefe9-04c0-42fb-80fc-d308b314b788_68-11,Proxemics,frl_track_1_public,Communication/Legibility
baf15309-e865-4e9e-9efd-09097f1d5a43_412-45,Proxemics,kaust,Proxemics
046855d7-41d7-4f41-a6a7-fce921ea8133_335-77,Proxemics,minnesota,Proxemics
88193924-6780-4290-b8ba-85676e98387a_783-81,Proxemics,frl_track_1_public,Communication/Legibility
d7480d27-f607-4a5a-8c31-9d299f70a4b8_406-05,Proxemics,iiith,Safety
2131b8e4-79b5-48f7-b092-e4a13ed96749_2003-33,Proxemics,nus,Proxemics
ca1773b8-ec8e-4f61-8e8f-7e4211830793_1043-00,Proxemics,nus,Communication/Legibility
cd1d3c56-69ca-4602-944e-bb9fabb9710b_1637-32,Proxemics,nus,Communication/Legibility
f0b8d19e-28c0-4d11-bb2d-5c6576eb7dcb_138-10,Proxemics,minnesota,Proxemics
490b4f30-9bb5-4bf2-966b-13d509b5709b_1247-51,Proxemics,frl_track_1_public,Proxemics
8447cf7c-d919-449a-be90-cdd05910fd9b_29-57,Proxemics,kaust,Communication/Legibility
13d7173f-e8d1-4124-a66b-2ae648da9dbd_510-46,Proxemics,minnesota,Proxemics
7a680a9a-dd7b-467a-a724-a597f1be9f06_2608-93,Proxemics,kaust,Proxemics
e93fdf27-c14c-4794-b4b7-20685b40156f_1313-69,Proxemics,frl_track_1_public,Proxemics
283a15b5-59ae-4f04-9738-bf49c97496a8_102-60,Proxemics,frl_track_1_public,Communication/Legibility
11663dd8-aa9d-429d-80e2-2807b341350e_224-01,Proxemics,kaust,Communication/Legibility
d521d31b-83aa-48ef-9ccf-eee9773c50dc_3808-98,Proxemics,frl_track_1_public,Proxemics
f2420e55-e559-40e1-9c96-863c6be763fd_1649-73,Proxemics,kaust,Communication/Legibility
f51552ce-3d91-448c-8770-9800a6b5aa50_1666-29,Proxemics,indiana,Proxemics
8c075dc9-9c6a-43cf-8c6e-fb1af3624cf0_842-26,Proxemics,frl_track_1_public,Communication/Legibility
5e193b30-3e79-4851-801b-dab99125cd44_2971-00,Proxemics,frl_track_1_public,Communication/Legibility
c85251fa-eb44-4903-b27f-9cdee26e0ed5_1632-58,Proxemics,iiith,Safety
fdfa65a5-9d90-4d27-8667-cd2c511614e3_70-13,Proxemics,minnesota,Proxemics
2c77de23-cd87-4a41-a83c-4bdc0170f45c_80-46,Proxemics,minnesota,Communication/Legibility
268a17eb-3f11-45d4-a671-9e0d8a637363_2969-91,Proxemics,iiith,Safety
24c447b6-094f-49a6-9c20-ed594ab0da65_947-73,Proxemics,frl_track_1_public,Proxemics
6d14a0fe-6fd1-4c6b-aaec-a7c38dcd7294_661-60,Proxemics,frl_track_1_public,Communication/Legibility
56da7a14-f3fe-4dd9-9acb-92917603f42c_469-73,Proxemics,frl_track_1_public,Communication/Legibility
ba1de596-15f4-45f3-bab3-dbf7283490be_5-13,Proxemics,minnesota,Proxemics
f2017e02-2e5b-419c-8216-5a256a925c68_269-97,Proxemics,minnesota,Proxemics
d0aedb4e-82cc-406a-a395-3573049a49ee_596-85,Proxemics,iiith,Safety
0f3fa455-3622-4fb4-a3be-0c1a7fd697a7_1157-44,Proxemics,frl_track_1_public,Proxemics
9a732221-3adb-4903-b61d-9b8097965fbf_3781-26,Proxemics,kaust,Communication/Legibility
8e2b02c8-9927-4039-8407-514c2709de95_1125-83,Proxemics,frl_track_1_public,Proxemics
89d8c9c5-fa11-4674-b08f-007f81958555_1391-21,Proxemics,minnesota,Safety
35b1a8c7-80fd-402f-b240-768926b7bcee_285-73,Proxemics,bristol,Proxemics
80c74a5b-81e0-4bc1-bc09-2f146351fe70_545-79,Proxemics,frl_track_1_public,Proxemics
eb5cb2b0-59e6-45da-af1b-ba86c7ab0b54_705-79,Proxemics,minnesota,Proxemics
b68f87f0-29be-4516-a34a-dda69dd84a56_953-32,Proxemics,bristol,Communication/Legibility
c85251fa-eb44-4903-b27f-9cdee26e0ed5_1618-20,Proxemics,iiith,Safety
c1f4d37c-bfd8-4722-b1c4-767f8426ccfd_867-73,Proxemics,frl_track_1_public,Communication/Legibility
7fc72743-4b55-48de-b988-4c690bda912f_1613-32,Proxemics,frl_track_1_public,Communication/Legibility
110f9870-6b6c-4a20-a3c8-8c2e29c53bb7_1386-55,Proxemics,minnesota,Proxemics
2c9a2cb8-93fd-4932-bb76-60e80822b70b_782-07,Proxemics,iiith,Communication/Legibility
99a89af1-a535-477c-88a8-c0830ba33486_1246-37,Proxemics,nus,Communication/Legibility
830bd10c-4eb5-477d-9166-7d41ca86880a_963-23,Proxemics,frl_track_1_public,Proxemics
6c0ca07f-6bb2-4db4-a0c3-5926726493fc_124-14,Proxemics,frl_track_1_public,Communication/Legibility
4c64e0d9-72f4-427f-995d-112ef1a2b7a1_210-26,Proxemics,minnesota,Proxemics
89d8c9c5-fa11-4674-b08f-007f81958555_1484-97,Proxemics,minnesota,Safety
949b2e8a-83f9-4b89-b29b-9e8d81600dd8_2242-73,Proxemics,iiith,Safety
cbc5c4fe-ed66-4525-a3d8-d691064db66b_262-02,Proxemics,frl_track_1_public,Communication/Legibility
8677afac-95b4-4ec1-aec5-39c90fd8374c_271-68,Proxemics,kaust,Proxemics
57ac6d7c-d317-4f85-aab1-d95ecaaacd5b_290-69,Proxemics,iiith,Safety
fa53388f-58ab-41a8-9f0d-55407cae3973_757-23,Proxemics,frl_track_1_public,Communication/Legibility
356dd07e-8165-494c-9be8-b82d314bf88d_895-74,Proxemics,frl_track_1_public,Proxemics
d0925317-dc23-4cb4-a375-a7baddc06b27_901-57,Proxemics,frl_track_1_public,Communication/Legibility
d3f76c88-5996-4da0-8b8f-6c1b8f85a4d8_18062-30,Proxemics,iiith,Safety
606a91df-fc77-444e-988d-e0178c83c586_342-58,Proxemics,minnesota,Proxemics
906a5fbf-a335-4134-a23a-ece71a9683eb_1213-24,Proxemics,frl_track_1_public,Communication/Legibility
3ae05e5a-f724-41e8-9000-90b7dd31379b_288-48,Proxemics,bristol,Proxemics
3625b3d9-e323-4c05-a27a-aba79f01a5bd_18-58,Proxemics,kaust,Proxemics
8e748fd1-e30e-4bf6-a04f-5f570ca075ac_351-84,Proxemics,frl_track_1_public,Communication/Legibility
408acdc8-c286-482b-91ba-3fcda24fedc3_1554-86,Proxemics,iiith,Safety
cb9de2c6-ff1a-48e8-b170-047e9471b588_884-63,Proxemics,frl_track_1_public,Communication/Legibility
9d26362a-4411-4d8b-b114-03f4f89928d7_1588-24,Proxemics,minnesota,Communication/Legibility
952d5295-06f4-4578-929b-4113e4ff9201_808-38,Proxemics,iiith,Safety
d6f9d174-2d42-49e7-83e4-daa9e8b0aa25_64-13,Proxemics,frl_track_1_public,Communication/Legibility
a49bdcc8-8f23-445d-bae0-8d9e5c4d9c63_1749-02,Proxemics,minnesota,Proxemics
d8c7bf34-0440-48b3-bf22-263d7c926074_109-23,Proxemics,minnesota,Proxemics
5f26c69f-6f1c-4041-a81f-3c4808e0a385_1353-30,Proxemics,frl_track_1_public,Communication/Legibility
cbc5c4fe-ed66-4525-a3d8-d691064db66b_545-69,Proxemics,frl_track_1_public,Communication/Legibility
9e579570-0541-49d6-bf0e-35483e949296_653-37,Proxemics,frl_track_1_public,Proxemics
97eaf9ae-9b92-493d-a555-4fcdb7c039a1_1485-95,Proxemics,kaust,Communication/Legibility
8dd6490b-6291-4793-b05e-79250f87925f_402-15,Proxemics,minnesota,Safety
d0a861f7-3e5c-4836-9b43-29a0b3288165_550-69,Proxemics,minnesota,Communication/Legibility
4b5de875-cc82-494e-b768-8ac0ae3bb279_997-77,Proxemics,bristol,Communication/Legibility
