sample_id,qid,source_video_id,source_start,question_clip_range
sg-77bbd0d516a5db84,bgczomH1kLk_q1_9,bgczomH1kLk,238.11,0.00-56.991016
sg-20efaf9fa9f9e254,-hnBHBN8p5A_q8_10,-hnBHBN8p5A,534.18,0.00-52.636003
sg-18ac988e465a8015,xXIq7YPkdUQ_q4_1,xXIq7YPkdUQ,113.74,0.00-56.057031
sg-bbff53d8828fc507,rG-rMpQT-GQ_q5_0,rG-rMpQT-GQ,22.0,0.00-60.060000
sg-8d1d4ac22e23af96,cq1er8IWz1U_q2_10,cq1er8IWz1U,192.1,0.00-59.994010
sg-8d430dc996bec4b1,EeClqsYITso_q3_9,EeClqsYITso,6.76,0.00-57.850000
sg-2a8bd93f5d3604da,0B9VJfzqwhM_q3_9,0B9VJfzqwhM,18.15,0.00-59.433984
sg-a185e89c97525bb5,-qHQOhi29v4_q4_0,-qHQOhi29v4,66.0,0.00-60.060000
sg-af2e10a396bcf6ff,ocqy8r8rDI0_q5_0,ocqy8r8rDI0,4.0,0.00-60.019000
sg-2cfb47a7b051ed92,SADub7W22Zg_q9_0,SADub7W22Zg,296.71,0.00-54.021029
sg-260daffccabb47b1,orFFMU54OrM_q1_0,orFFMU54OrM,0.0,0.00-60.019000
sg-bdc7eb5bdbfa0210,cQREa5Y-jqk_q15_0,cQREa5Y-jqk,193.84,0.00-58.391992
sg-1e3404b84e4f41e9,MIFz86h5nEA_q7_0,MIFz86h5nEA,334.09,0.00-58.566992
sg-11141592c7f0a388,Gsc0wN4FTdo_q1_0,Gsc0wN4FTdo,1.0,0.00-60.019000
sg-4fff05a2345f0af5,7lNo_GO4CH0_q3_0,7lNo_GO4CH0,0.0,0.00-60.027000
sg-e52f1c5e59e387a5,NR9v3PBJw8g_q3_3,NR9v3PBJw8g,59.98,0.00-60.019010
sg-6a0dd0bd9a918137,QHeNKMxsqYE_q2_3,QHeNKMxsqYE,59.98,0.00-60.061003
sg-6dc1ed528ef4a1e1,Wg7ppxAgcuw_q1_0,Wg7ppxAgcuw,192.41,0.00-58.725977
sg-07ae99ae509996f3,PQW7zw2URes_q1_10,PQW7zw2URes,59.98,0.00-60.000000
sg-6d1e9cc32466a5c7,Ln55e0EyX6E_q4_0,Ln55e0EyX6E,102.0,0.00-60.019000
sg-9af38891ad06a04d,pMGhqE76kQA_q4_2,pMGhqE76kQA,59.98,0.00-60.019010
sg-92ccd7e4c02e217d,ilotZqzaZgU_q1_9,ilotZqzaZgU,172.92,0.00-59.460026
sg-af1bb46f9fc849c2,RRlOGIWWKe8_q1_0,RRlOGIWWKe8,0.0,0.00-60.019000
sg-1929dc72d6baae13,ixmZT-Z1kI4_q1_0,ixmZT-Z1kI4,0.0,0.00-60.019000
