annotator,metric,count,n,percent,wilson_low_percent,wilson_high_percent,missing
annotator1,body_movement,8,24,33.333333333333336,17.972190327297753,53.293683161868245,0
annotator1,dialogue_content,17,24,70.83333333333333,50.832306335503375,85.08535180303913,0
annotator1,facial_expression,20,24,83.33333333333333,64.14692935030095,93.32132367136705,0
annotator1,gaze,21,24,87.5,68.99611872949993,95.65566591987655,0
annotator1,gesture,9,24,37.5,21.159367559548777,57.29003755732571,0
annotator1,interruption,1,24,4.166666666666667,0.739345616550581,20.24180647865593,0
annotator1,object_interaction,2,24,8.333333333333334,2.315881529704336,25.848802193210673,0
annotator1,posture,3,24,12.5,4.344334080123444,31.003881270500067,0
annotator1,proxemics,5,24,20.833333333333332,9.244825352851855,40.47045325318865,0
annotator1,tone_prosody,5,24,20.833333333333332,9.244825352851855,40.47045325318865,0
annotator1,turn_taking,1,24,4.166666666666667,0.739345616550581,20.24180647865593,0
