sample_id,evidence_modality,embedding_cluster,tfidf_cluster,x,y
sg-07ae99ae509996f3,all_three,2,3,44.69108,-0.93828386
sg-11141592c7f0a388,visual_transcript,3,2,8.964125,-0.97224545
sg-18ac988e465a8015,visual_transcript,3,0,42.16071,-18.218952
sg-1929dc72d6baae13,all_three,3,2,16.695744,-23.106329
sg-1e3404b84e4f41e9,visual_transcript,1,3,-57.936127,-14.107235
sg-20efaf9fa9f9e254,visual_transcript,1,3,-49.842926,-23.642015
sg-260daffccabb47b1,visual_audio,1,0,-33.610123,-22.861443
sg-2a8bd93f5d3604da,visual_audio,0,0,-1.4574195,-70.87169
sg-2cfb47a7b051ed92,visual_transcript,0,0,-32.847103,-57.628407
sg-4fff05a2345f0af5,visual_transcript,3,2,24.772642,-49.38131
sg-6a0dd0bd9a918137,visual_transcript,0,0,-6.093458,-104.86199
sg-6d1e9cc32466a5c7,visual_transcript,3,2,15.4004755,18.41545
sg-6dc1ed528ef4a1e1,visual_transcript,1,0,-44.921146,-41.205334
sg-77bbd0d516a5db84,audio_only,3,0,2.8376791,-31.973646
sg-8d1d4ac22e23af96,all_three,1,1,-14.915386,11.711697
sg-8d430dc996bec4b1,visual_transcript,0,0,-5.065748,-91.65012
sg-92ccd7e4c02e217d,visual_transcript,3,3,24.773108,-13.682494
sg-9af38891ad06a04d,visual_transcript,1,1,-18.765173,26.53782
sg-a185e89c97525bb5,visual_transcript,3,1,-5.5869474,-8.373145
sg-af1bb46f9fc849c2,visual_transcript,1,1,-39.941334,18.225842
sg-af2e10a396bcf6ff,visual_transcript,2,2,36.592728,14.519451
sg-bbff53d8828fc507,all_three,1,2,-25.10262,4.071872
sg-bdc7eb5bdbfa0210,transcript_only,3,2,55.03875,-34.28944
sg-e52f1c5e59e387a5,visual_transcript,0,0,-11.381638,-65.89185
