vid_name,questions
-04kGoWIAXk,5
-35BPXuZ898,5
-JERO2LQSKc,5
-Lp96hoSUC8,4
-RJ6USD2nEU,5
-hnBHBN8p5A,6
-qHQOhi29v4,5
-wBOjw_08o8,4
0AslM2bC5DY,5
0B9VJfzqwhM,2
0VfHifH5IQQ,5
0o5QeWZtgnY,5
17PtS1Qx8kU,6
1B_swZA4Hqk,5
27-iN-FP-4s,5
29rvfxBQBQA,4
2G-B5upjLjM,8
2MrFWB__GIA,2
2Vam2a4r9vo,4
2Yu8jVX4588,5
2c_nei61mQQ,14
2hLcCnZzRtY,16
2yI50UZ9C4M,6
3m-54UiEqzg,5
3oj7mCSydoM,4
3wIejfT9l30,13
3zsTC5aeypU,5
44MVdpDEQJs,4
4AmVjblOvy4,3
4HN0caXjW3s,4
4_BudcPRi7E,10
4qEJTg4Gc-g,3
56EbHWYK_q0,5
5I8SQFfh73U,4
5IzNXdsZUHk,5
5VPK1NPQGUs,4
5h-SslT--8E,5
5hXXFQLDsoA,4
6I7Ktp4dV_s,4
6M6pAh-HhMc,5
6PpQk63iIWw,3
6rkV4QRcVnk,4
6tAfdCTnToY,11
72ltfGTYqpQ,13
784nv_NRf4k,5
7IwkRaz7uNs,5
7SUhcNiKIrI,4
7czG5jr71Q8,4
7doQf8xjFVg,8
7i0FfjF3Iaw,5
7lNo_GO4CH0,5
7oi9IQwXhHQ,5
89yPHsT8AKg,6
8W4wakxQ_sk,5
8l7vdwu6B9s,2
9LvdctnZeWE,5
9cbQ4e7YRK4,5
9dmlcGZta9E,5
AHVKPC22iIY,5
AQX2Q-V2Uh8,2
ARD5AUnl7_M,3
AiIrjf-s128,7
AqKpGR4EocU,3
ArlsU2_cUbg,5
B0sO3FekHUU,5
BxjOsIlLSBk,3
C08WmKiwcSs,5
C0g5RjQ7cRE,5
C2PneBztZ3g,10
CNHBsxOZd80,4
CXmRmrBPDII,5
CuDdMyf639Q,3
D6AzQTg_bPA,4
DWmUHNpOJxI,4
Ddet2d9EtTY,4
DelU5tQ4grw,5
EC77tcJZIdU,16
EXwr6U_YypE,6
E_RNZFm1mls,6
EeClqsYITso,5
FCYA84FwbC0,4
GMidefrr1MM,13
GcImUUGmZ3I,10
Go1air4YC68,5
Gsc0wN4FTdo,5
HFPGeaEPy9o,4
HHqi6ZB_F0U,6
I7d2RUvr1Qc,6
ICBNX0i855Q,3
IsgFVkMnqJc,12
JC2eKssXavo,4
Ja2fgquYTCg,3
JhSRGLe18OI,6
JuFTJimHjoc,6
K6v2QYiMdCE,7
KBMAUGQpHBU,4
KHgGasfOFPg,5
KOEVoayxEts,6
KQz3KBKMFg4,5
Kjlt_FgKPgA,5
KvbeKlGeNRU,26
KzN6XWDEmXI,5
L3uDQ0S1Iis,12
LOxqK6o4NN0,5
LbCGyHkR0ko,5
Lg-L3FzdkEI,3
Ln55e0EyX6E,5
LoMhBo8ATBM,10
MAt_2wSDFLM,4
MCAH-zHLTLE,5
MIFz86h5nEA,7
MevYeKlyQM8,5
MlteErDn4to,15
MsjnLoTKAXo,4
N-6zVmVuTs0,6
NR9v3PBJw8g,5
NRTiivjQ2g0,5
NgPP6UXVkYU,4
NqCeCRNC1qs,4
NysITFb_Wbs,4
O-ydNrUWOik,5
O0vFdR72In8,5
OWXlfOnU6tc,4
OWsT2rkqCk8,2
Oj8S0fNum9g,5
OsZNCbjk-cc,4
P-DsA_W8PvY,5
P3UP62l7g6Q,5
PQW7zw2URes,4
PlKDQqKh03Y,5
QC_4iR0tyvE,3
QHeNKMxsqYE,4
QNWXsYZWiiA,4
QQKG6cd-sBI,4
QRRzvOvG21E,8
Ql4w8AG_OYA,5
QqWrqHC8wjs,5
R5409gLbXuw,6
RRlOGIWWKe8,6
RZPBl5-cu3c,5
RZzaa_PqNJI,5
Rv2hRfqlJaE,5
RyObt_1eT8M,5
S8bqJTv_v1g,6
SADub7W22Zg,11
SUKdlcCiE60,5
T15XvRqmhqU,5
TSQ770iqDgY,6
TTY4WKXoPac,3
T__twbwyFq0,4
TsT0ExNMK3I,4
VCJrgPb3y80,5
VPTjROKYhlU,4
VWwkLEUn-a0,4
Va54WZgPTdY,9
VsSGubvfPiA,3
W71gmihTeDQ,5
WBOT0Tqpbag,4
WHciIM22U7Q,5
W_CvL_fMIm4,5
W_GrHtwZez8,10
Wg7ppxAgcuw,4
XE1tSH1Ddt8,6
XILYPBHTT50,5
XYviM5xevC8,3
XtcIfm6Mxdg,3
Y7eYfHIyn3M,5
YDqrjD9rVMs,5
YWqns5C8bC0,3
YuU1QV7N9yo,13
Z86hdiW6l6c,6
ZLQfk-bDftQ,4
_NQec_YluKU,5
_r-SkfDZphk,5
a0RT3nSOCwU,4
a7t6tQVX7T8,4
a80o4DGxt7Q,10
aSZ_eLxuLAs,3
ah8Vjbs3JsM,5
ajFmgmUSYAc,8
anokNvPMR5M,4
ap9vRY_Vdwc,8
ax59TmvzCEg,4
b1OedrPQ464,4
bCKOVlsSluU,5
bgczomH1kLk,4
bwyDxzs6D2g,5
cQREa5Y-jqk,19
cq1er8IWz1U,5
ctZDjBnEFBM,5
d-zZYDU0qXY,4
d7Gzm3SnUaY,6
d89i7OY2yTw,4
dLLkOjKNanY,5
dONZkRDs4k4,11
dZPwXsbohK4,7
e4mvg9r6_cI,4
fFan929BTPE,4
fHW461eiQp8,5
g8cyMIFcC_g,4
gDUFvLWl-Oc,10
gDVmHsYgJUA,5
gImYPbTTZko,7
hKfNp8NU82o,3
hrhX40bQYY0,5
i7JGn06gsnA,8
iIPeQxzLVlY,5
iLLPJXaHosI,5
iNPwOO_Minc,6
iNr9xdc6cVA,4
ilotZqzaZgU,4
iwxe2sIgQL0,4
ixQbCXLUUj8,3
ixmZT-Z1kI4,4
j4OMpEp-bFk,6
jWVfyaxcCSs,5
jbN9n-cClPg,6
k-kyKv_kKGU,5
k5bk1efKBSI,3
lTfsqoo-jKg,5
lnfpTgAQ0Ys,5
luJceOt47UM,4
mO8TK-QaIf8,4
mmCjPdu2TC4,5
mpHoYhIFKNI,4
mxa4KXSz9rw,3
nCw-UbptqD4,6
n_6sNnucN9k,6
nuZ-TPF_HIY,6
nvdBfpA8r4o,6
nxt9PPJk2vs,5
o92pxWhZomM,4
oAnP5eU7IbY,6
ocqy8r8rDI0,5
orFFMU54OrM,4
oxZYBldwpP4,7
p2S1qmGq6vI,5
p3qZtbpwrB8,4
pMGhqE76kQA,5
psEglVHxbCA,5
pt7052eLUjg,6
q53HUAKB9oU,5
q6zi7XGjQQw,5
qJ_GzpzfKYg,5
qc1k6uf-Mbg,5
qp-Jr4oEFWo,4
r7rpWLLPQSA,3
rFim4AcaAaU,6
rG-rMpQT-GQ,5
rMRWJEvKopk,5
rc5v5EODszE,5
royuCXeS8go,5
sILyPxN_1Dc,4
sPxoGNvnVzg,5
sZ9gSPUdZIA,6
sheEL099ADM,5
tfVvLs379Oo,3
uk0Ntd8lJ98,4
urYGhhMOToU,4
wYLmgQy6zq8,6
wizs1wtys-I,5
wkqss9zZOhc,4
x6fcoqxi7WI,4
x9lr8OomuJ4,4
xITR-FIi_oA,5
xWLmbDdg9tY,9
xXIq7YPkdUQ,5
xpIFaKnNvco,5
xpKYkGHWB7E,5
yK1RQv3S8KE,7
yPHYjeHk1YM,5
yjSQMZSEV4Y,5
zYeBxnAm2wI,4
zmiOzZrpKTM,5
